group_key,start_year,end_year,valid_orig,beta_orig,p_value_orig,dsi_orig,dsi_v2_orig,valid_new,beta_new,p_value_new,dsi_new,dsi_v2_new,diff_beta,diff_p_value,diff_dsi,diff_dsi_v2
Anchovy,1972,2024,TRUE,-1.38257160465709e-7,0.925502683574747,35.2179092044981,11.8304615457357,TRUE,-1.3825716046570916e-7,0.9255026835747466,35.21790920449813,11.83046154573573,1.5881867761018131e-22,3.3306690738754696e-16,2.842170943040401e-14,3.019806626980426e-14
Anchovy,1973,2024,TRUE,-4.04164546789866e-7,0.787526068637695,34.6938323201621,9.98636966318157,TRUE,-4.0416454678986586e-7,0.7875260686376947,34.69383232016211,9.986369663181572,1.5881867761018131e-22,3.3306690738754696e-16,7.105427357601002e-15,1.7763568394002505e-15
Anchovy,1974,2024,TRUE,-5.45870330892181e-7,0.721433447316044,34.1532170763871,7.48959204262246,TRUE,-5.458703308921805e-7,0.7214334473160438,34.153217076387115,7.489592042622457,4.235164736271502e-22,2.220446049250313e-16,1.4210854715202004e-14,3.552713678800501e-15
Anchovy,1975,2024,TRUE,-9.69893420235538e-7,0.51050732166292,40.0520049873306,11.4740602475938,TRUE,-9.698934202355377e-7,0.5105073216629199,40.05200498733058,11.474060247593824,2.117582368135751e-22,1.1102230246251565e-16,2.1316282072803006e-14,2.4868995751603507e-14
Anchovy,1976,2024,TRUE,-1.55276707707237e-6,0.236563442047634,39.6205533596838,12.7682933074966,TRUE,-1.5527670770723678e-6,0.23656344204763416,39.620553359683804,12.768293307496629,2.117582368135751e-21,1.6653345369377348e-16,7.105427357601002e-15,2.842170943040401e-14
Anchovy,1977,2024,TRUE,-2.14150314456143e-6,0.0770631794198466,53.3265791073488,20.5492662117526,TRUE,-2.141503144561425e-6,0.07706317941984658,53.32657910734883,20.549266211752627,5.082197683525802e-21,1.3877787807814457e-17,2.842170943040401e-14,2.842170943040401e-14
Anchovy,1978,2024,TRUE,-2.67108073782184e-6,0.0254601670918096,68.9910166150417,32.3138973060163,TRUE,-2.6710807378218405e-6,0.02546016709180958,68.9910166150417,32.313897306016266,4.235164736271502e-22,2.0816681711721685e-17,0,3.552713678800501e-14
Anchovy,1979,2024,TRUE,-3.46054315633455e-6,0.00222649746637426,60.3745262699178,11.8861787075868,TRUE,-3.4605431563345518e-6,0.0022264974663742556,60.37452626991777,11.886178707586756,1.6940658945086007e-21,4.336808689942018e-18,2.842170943040401e-14,4.440892098500626e-14
Anchovy,1980,2024,TRUE,-3.89163387294462e-6,6.88190178106e-4,59.6941299274174,16.0838415488104,TRUE,-3.891633872944616e-6,6.881901781059999e-4,59.694129927417386,16.08384154881042,3.3881317890172014e-21,1.0842021724855044e-19,1.4210854715202004e-14,1.7763568394002505e-14
Anchovy,1981,2024,TRUE,-4.42799195540972e-6,1.0974826827318e-4,70.6326405679317,24.4048220542869,TRUE,-4.4279919554097195e-6,1.0974826827318225e-4,70.63264056793173,24.404822054286917,8.470329472543003e-22,2.2497195079074217e-18,2.842170943040401e-14,1.7763568394002505e-14
Anchovy,1982,2024,TRUE,-5.06052882283565e-6,1.01636714053613e-5,82.0627595723367,27.1766785916785,TRUE,-5.060528822835654e-6,1.0163671405361264e-5,82.06275957233667,27.176678591678485,3.3881317890172014e-21,3.5575383784680614e-20,2.842170943040401e-14,1.4210854715202004e-14
Anchovy,1983,2024,TRUE,-5.53268062593621e-6,2.30249405747736e-6,69.3087372561301,15.9295003243255,TRUE,-5.532680625936208e-6,2.3024940574773627e-6,69.30873725613006,15.929500324325547,2.541098841762901e-21,2.541098841762901e-21,4.263256414560601e-14,4.618527782440651e-14
Anchovy,1984,2024,TRUE,-5.90962054051743e-6,8.60656122146251e-7,68.5828934366259,20.2931161923504,TRUE,-5.909620540517425e-6,8.60656122146251e-7,68.58289343662587,20.293116192350354,5.082197683525802e-21,0,2.842170943040401e-14,4.618527782440651e-14
Anchovy,1985,2024,TRUE,-5.8908688012498e-6,1.78991237649624e-6,67.8514826266724,19.1504693659119,TRUE,-5.890868801249798e-6,1.7899123764962383e-6,67.85148262667238,19.1504693659119,1.6940658945086007e-21,1.6940658945086007e-21,1.4210854715202004e-14,0
Anchovy,1986,2024,TRUE,-5.96881778852548e-6,2.12403936176016e-6,67.0825676283331,18.1697187350412,TRUE,-5.968817788525477e-6,2.124039361760158e-6,67.08256762833307,18.169718735041165,2.541098841762901e-21,1.6940658945086007e-21,2.842170943040401e-14,3.552713678800501e-14
Anchovy,1987,2024,TRUE,-6.34980906792973e-6,6.66158052630427e-7,66.2660391317184,29.8193654851351,TRUE,-6.349809067929725e-6,6.661580526304272e-7,66.26603913171839,29.819365485135098,5.082197683525802e-21,2.117582368135751e-22,1.4210854715202004e-14,3.552713678800501e-15
Anchovy,1988,2024,TRUE,-6.87455136145936e-6,4.62929039793773e-8,65.407292603547,28.6474665254899,TRUE,-6.8745513614593556e-6,4.6292903979377314e-8,65.407292603547,28.647466525489918,4.235164736271502e-21,1.3234889800848443e-23,0,1.7763568394002505e-14
Anchovy,1989,2024,TRUE,-7.29189084601556e-6,9.617563532669851e-9,64.4884061009514,33.9758465519654,TRUE,-7.2918908460155605e-6,9.617563532669853e-9,64.48840610095141,33.97584655196537,8.470329472543003e-22,1.6543612251060553e-24,1.4210854715202004e-14,2.842170943040401e-14
Anchovy,1990,2024,TRUE,-7.53975579313287e-6,3.18321722731984e-9,63.5066983739355,40.7447681989144,TRUE,-7.539755793132867e-6,3.1832172273198417e-9,63.506698373935464,40.74476819891444,3.3881317890172014e-21,1.6543612251060553e-24,3.552713678800501e-14,4.263256414560601e-14
Anchovy,1991,2024,TRUE,-7.64254314787455e-6,1.99305394499154e-9,62.4449385883892,39.6255217541791,TRUE,-7.642543147874545e-6,1.993053944991539e-9,62.44493858838917,39.62552175417913,5.082197683525802e-21,8.271806125530277e-25,2.842170943040401e-14,3.552713678800501e-14
Anchovy,1996,2024,TRUE,-7.8175515320464e-6,1.7005305067877402e-9,61.3021910739229,38.2381121403108,TRUE,-7.817551532046404e-6,1.7005305067877445e-9,61.30219107392295,38.23811214031078,3.3881317890172014e-21,4.342698215903395e-24,4.973799150320701e-14,1.4210854715202004e-14
Anchovy,1997,2024,TRUE,-7.58161551788066e-6,1.2646637552825e-8,60.3008430529746,29.1170732650915,TRUE,-7.5816155178806574e-6,1.2646637552824967e-08,60.300843052974606,29.117073265091534,2.541098841762901e-21,3.3087224502121107e-23,7.105427357601002e-15,3.552713678800501e-14
Anchovy,1998,2024,TRUE,-7.08370994497199e-6,1.4485283942037e-7,59.2459027297262,43.8905918247577,TRUE,-7.0837099449719865e-6,1.4485283942036986e-7,59.2459027297262,43.89059182475775,3.3881317890172014e-21,1.3234889800848443e-22,0,4.973799150320701e-14
Anchovy,1999,2024,TRUE,-6.86943995472752e-6,7.38192690472671e-7,58.0469947955538,34.5217311367547,TRUE,-6.86943995472752e-6,7.381926904726712e-7,58.046994795553786,34.52173113675468,0,2.117582368135751e-22,1.4210854715202004e-14,2.1316282072803006e-14
Anchovy,2000,2024,TRUE,-6.82612740200875e-6,9.12752227177113e-7,56.5845195456315,41.0544239959812,TRUE,-6.826127402008753e-6,9.127522271771131e-7,56.58451954563153,41.05442399598121,3.3881317890172014e-21,1.0587911840678754e-22,2.842170943040401e-14,7.105427357601002e-15
Anchovy,2001,2024,TRUE,-6.81824634366356e-6,1.4326234147911e-6,54.9878972312873,39.1176026222495,TRUE,-6.8182463436635625e-6,1.432623414791104e-6,54.98789723128727,39.11760262224954,2.541098841762901e-21,4.0234064994579266e-21,2.842170943040401e-14,4.263256414560601e-14
Anchovy,2002,2024,TRUE,-6.82082399051389e-6,2.47321567449669e-6,53.2513879496285,37.227440500488,TRUE,-6.820823990513895e-6,2.473215674496689e-6,53.25138794962849,37.22744050048801,5.082197683525802e-21,1.2705494208814505e-21,1.4210854715202004e-14,7.105427357601002e-15
Anchovy,2003,2024,TRUE,-6.80406214161018e-6,4.73913890370214e-6,51.3495809934937,35.2387595650175,TRUE,-6.804062141610182e-6,4.739138903702141e-6,51.349580993493724,35.238759565017475,1.6940658945086007e-21,8.470329472543003e-22,2.1316282072803006e-14,2.842170943040401e-14
Anchovy,2004,2024,TRUE,-6.90911064357741e-6,1.60190003926017e-5,49.2706404351681,33.2333606252988,TRUE,-6.909110643577414e-6,1.6019000392601692e-5,49.2706404351681,33.233360625298836,4.235164736271502e-21,6.776263578034403e-21,0,3.552713678800501e-14
Anchovy,2005,2024,TRUE,-7.10634087897652e-6,1.83436850595994e-5,47.0623047019934,30.9602406756252,TRUE,-7.1063408789765226e-6,1.834368505959939e-5,47.06230470199338,30.96024067562518,2.541098841762901e-21,1.0164395367051604e-20,2.1316282072803006e-14,2.1316282072803006e-14
Anchovy,2006,2024,TRUE,-7.18830200659442e-6,4.13348533275019e-5,44.1697037521168,28.392860347214,TRUE,-7.188302006594421e-6,4.133485332750189e-5,44.169703752116824,28.392860347213997,8.470329472543003e-22,1.3552527156068805e-20,2.1316282072803006e-14,3.552713678800501e-15
Anchovy,2007,2024,TRUE,-7.23876462113176e-6,9.94466298609468e-5,41.0334302661352,25.7321150849595,TRUE,-7.2387646211317606e-6,9.94466298609468e-5,41.033430266135234,25.732115084959485,8.470329472543003e-22,0,3.552713678800501e-14,1.4210854715202004e-14
Anchovy,2008,2024,TRUE,-7.43733109816614e-6,1.9332425887863e-4,37.6403368707342,22.9541412981682,TRUE,-7.4373310981661395e-06,1.9332425887863365e-4,37.64033687073422,22.954141298168214,8.470329472543003e-22,3.6591823321385775e-18,1.4210854715202004e-14,1.4210854715202004e-14
Anchovy,2009,2024,TRUE,-7.65386388445276e-6,4.5630120232366e-4,33.8873346453622,13.7634898933558,TRUE,-7.653863884452759e-6,4.5630120232366525e-4,33.887334645362216,13.763489893355812,1.6940658945086007e-21,5.2583805365546965e-18,1.4210854715202004e-14,1.2434497875801753e-14
Anchovy,2010,2024,TRUE,-7.86222674565462e-6,0.00130991248312051,59.4265419563344,11.2977700679976,TRUE,-7.86222674565462e-6,0.0013099124831205148,59.426541956334354,11.297770067997565,0,4.7704895589362195e-18,4.263256414560601e-14,3.552713678800501e-14
Anchovy,2011,2024,TRUE,-8.39561123597489e-6,0.00338264075766438,87.6058400652109,30.9008122483254,TRUE,-8.39561123597489e-6,0.0033826407576643775,87.60584006521093,30.900812248325394,0,2.6020852139652106e-18,2.842170943040401e-14,7.105427357601002e-15
Anchovy,2012,2024,TRUE,-1.0192045709457e-5,0.00764562676411918,85.5759347301986,27.7800130556883,TRUE,-1.0192045709456963e-5,0.007645626764119179,85.57593473019855,27.78001305568828,3.7269449679189215e-20,8.673617379884035e-19,4.263256414560601e-14,2.1316282072803006e-14
Anchovy,2013,2024,TRUE,-1.1415259079348e-5,0.00754952046613815,84.4247546643466,7.06765797006064,TRUE,-1.1415259079347985e-5,0.0075495204661381494,84.42475466434657,7.067657970060642,1.5246593050577406e-20,8.673617379884035e-19,2.842170943040401e-14,1.7763568394002505e-15
Anchovy,2014,2024,TRUE,-1.41178667677141e-5,0.0079345242629536,82.8387309812558,3.64605201969737,TRUE,-1.4117866767714108e-5,0.0079345242629536,82.83873098125585,3.6460520196973727,8.470329472543003e-21,0,5.684341886080802e-14,2.6645352591003757e-15
Anchovy,2015,2024,TRUE,-1.86694446426647e-5,0.00217327739676164,82.1651310010213,36.3050886848635,TRUE,-1.866944464266468e-5,0.002173277396761644,82.16513100102127,36.30508868486352,1.6940658945086007e-20,3.903127820947816e-18,2.842170943040401e-14,2.1316282072803006e-14
Anchovy,2016,2024,TRUE,-1.98962742545152e-5,0.00171725707242612,81.1161466789921,31.7564981941632,TRUE,-1.9896274254515247e-5,0.00171725707242612,81.11614667899208,31.756498194163232,4.743384504624082e-20,0,1.4210854715202004e-14,3.197442310920451e-14
Anchovy,2017,2024,TRUE,-2.17154061264436e-5,0.0277968787226615,68.7266118059747,59.873178891344,TRUE,-2.1715406126443627e-5,0.027796878722661487,68.72661180597473,59.873178891343954,2.710505431213761e-20,1.3877787807814457e-17,2.842170943040401e-14,4.263256414560601e-14
Demersal,1971,2024,TRUE,2.31107463198278e-9,0.863323279380217,54.0741056945275,29.9925814758841,TRUE,2.3110746319827826e-9,0.8633232793802175,54.074105694527454,29.992581475884077,2.481541837659083e-24,4.440892098500626e-16,4.973799150320701e-14,2.4868995751603507e-14
Demersal,1972,2024,TRUE,-5.44546841786082e-10,0.966889453076014,54.2660633484163,34.1734327033981,TRUE,-5.44546841786082e-10,0.9668894530760136,54.266063348416296,34.173432703398106,0,4.440892098500626e-16,7.105427357601002e-15,7.105427357601002e-15
Demersal,1973,2024,TRUE,2.1713828927096901e-10,0.986399442318987,54.2674669867947,31.3665959183673,TRUE,2.1713828927096894e-10,0.9863994423189868,54.26746698679472,31.36659591836735,7.754818242684634e-26,2.220446049250313e-16,2.1316282072803006e-14,4.973799150320701e-14
Demersal,1974,2024,TRUE,8.37116476468883e-10,0.946730852283469,54.4280612244898,31.2989121459808,TRUE,8.371164764688829e-10,0.9467308522834694,54.428061224489795,31.298912145980836,1.0339757656912846e-25,4.440892098500626e-16,7.105427357601002e-15,3.552713678800501e-14
Demersal,1975,2024,TRUE,1.5817625140777801e-9,0.896449174710427,48.6231726733247,27.8114417863777,TRUE,1.5817625140777754e-9,0.8964491747104265,48.62317267332465,27.81144178637767,4.756288522179909e-24,4.440892098500626e-16,4.973799150320701e-14,2.842170943040401e-14
Demersal,1976,2024,TRUE,2.1734760936320702e-9,0.855871345650951,48.5180929793139,27.7394571386419,TRUE,2.1734760936320673e-9,0.8558713456509512,48.51809297931388,27.739457138641853,2.895132143935597e-24,2.220446049250313e-16,2.1316282072803006e-14,4.618527782440651e-14
Demersal,1977,2024,TRUE,2.9962224188354305e-9,0.794051902047562,48.4778318518816,27.4110523145096,TRUE,2.9962224188354313e-9,0.794051902047562,48.47783185188164,27.4110523145096,8.271806125530277e-25,0,4.263256414560601e-14,0
Demersal,1978,2024,TRUE,3.6703987761922705e-9,0.743105408506672,42.4882886839409,24.1096239728656,TRUE,3.670398776192269e-9,0.7431054085066717,42.48828868394085,24.109623972865617,1.6543612251060553e-24,2.220446049250313e-16,4.973799150320701e-14,1.7763568394002505e-14
Demersal,1979,2024,TRUE,4.47066070578959e-9,0.677386247226467,36.1793997052982,20.5500307535689,TRUE,4.470660705789585e-9,0.6773862472264668,36.17939970529824,20.550030753568866,4.963083675318166e-24,2.220446049250313e-16,3.552713678800501e-14,3.552713678800501e-14
Demersal,1980,2024,TRUE,5.285065904999481e-9,0.606244246645005,35.9329367225527,20.3922779226301,TRUE,5.285065904999477e-9,0.606244246645005,35.93293672255273,20.392277922630054,3.308722450212111e-24,0,3.552713678800501e-14,4.618527782440651e-14
Demersal,1981,2024,TRUE,6.073956942849481e-9,0.534612559505352,42.2409235957571,23.7007274335572,TRUE,6.073956942849481e-9,0.5346125595053524,42.240923595757074,23.70072743355719,0,3.3306690738754696e-16,2.842170943040401e-14,1.0658141036401503e-14
Demersal,1982,2024,TRUE,6.710333287615551e-9,0.480755310338483,35.3398487294978,19.8741292087626,TRUE,6.7103332876155476e-9,0.4807553103384832,35.33984872949775,19.87412920876255,3.308722450212111e-24,1.6653345369377348e-16,4.973799150320701e-14,4.973799150320701e-14
Demersal,1983,2024,TRUE,7.42000620071283e-9,0.417301606180942,28.0698874296435,15.7902749757511,TRUE,7.420006200712829e-9,0.41730160618094236,28.069887429643526,15.790274975751073,1.6543612251060553e-24,3.885780586188048e-16,2.4868995751603507e-14,2.6645352591003757e-14
Demersal,1984,2024,TRUE,8.1323959549895e-9,0.353266273965086,34.7686079103083,17.4397779928958,TRUE,8.132395954989501e-9,0.3532662739650857,34.76860791030832,17.43977799289585,1.6543612251060553e-24,2.7755575615628914e-16,2.1316282072803006e-14,4.973799150320701e-14
Demersal,1985,2024,TRUE,9.10781467601541e-9,0.245714740538623,34.2732995087566,17.4618189496003,TRUE,9.107814676015413e-9,0.24571474053862324,34.27329950875658,17.46181894960025,3.308722450212111e-24,2.498001805406602e-16,2.1316282072803006e-14,4.973799150320701e-14
Demersal,1986,2024,TRUE,1.00424397435196e-8,0.144960224348873,41.3271308292645,18.0876681711186,TRUE,1.0042439743519622e-8,0.14496022434887332,41.32713082926455,18.087668171118597,2.3161057151484775e-23,3.0531133177191805e-16,4.973799150320701e-14,3.552713678800501e-15
Demersal,1987,2024,TRUE,1.08847128557661e-8,0.0723186944777784,41.026312026312,17.8362101464416,TRUE,1.0884712855766082e-8,0.07231869447777836,41.026312026312034,17.83621014644158,1.819797347616661e-23,4.163336342344337e-17,3.552713678800501e-14,2.1316282072803006e-14
Demersal,1988,2024,TRUE,1.14605181302809e-8,0.0438617053427223,48.9699879951981,20.8200290026243,TRUE,1.1460518130280896e-8,0.04386170534272233,48.96998799519808,20.820029002624313,3.308722450212111e-24,2.7755575615628914e-17,2.1316282072803006e-14,1.4210854715202004e-14
Demersal,1989,2024,TRUE,1.17864473429323e-8,0.0364585807268675,49.0327146901541,19.9459927515096,TRUE,1.1786447342932251e-8,0.03645858072686747,49.03271469015414,19.94599275150962,4.963083675318166e-23,2.7755575615628914e-17,3.552713678800501e-14,2.1316282072803006e-14
Demersal,1990,2024,TRUE,1.17163237095479e-8,0.0406030834474363,49.0459406903257,19.3287549249812,TRUE,1.1716323709547917e-8,0.040603083447436315,49.045940690325715,19.328754924981183,1.6543612251060553e-23,1.3877787807814457e-17,1.4210854715202004e-14,1.7763568394002505e-14
Demersal,1991,2024,TRUE,1.17318477862318e-8,0.0439667042730153,49.0321435117302,18.7068908045528,TRUE,1.173184778623175e-8,0.04396670427301525,49.03214351173021,18.706890804552778,4.963083675318166e-23,4.85722573273506e-17,1.4210854715202004e-14,2.1316282072803006e-14
Demersal,1992,2024,TRUE,1.18366349112143e-8,0.0455720743635086,49.0594432882414,18.0356001656258,TRUE,1.1836634911214334e-8,0.04557207436350858,49.05944328824142,18.035600165625794,3.3087224502121107e-23,2.0816681711721685e-17,2.1316282072803006e-14,7.105427357601002e-15
Demersal,1993,2024,TRUE,1.52601413310299e-8,0.0780814297279853,38.9454949944383,21.3394579108687,TRUE,1.526014133102986e-8,0.07808142972798526,38.94549499443827,21.33945791086875,3.970466940254533e-23,4.163336342344337e-17,2.842170943040401e-14,4.973799150320701e-14
Demersal,1996,2024,TRUE,-2.32207570747786e-6,0.0147209027369284,75.0394017880915,58.4478317606917,TRUE,-2.322075707477865e-6,0.014720902736928405,75.03940178809152,58.44783176069174,5.082197683525802e-21,5.204170427930421e-18,2.842170943040401e-14,4.263256414560601e-14
Demersal,1997,2024,TRUE,-2.46692636213467e-6,0.0152800563793599,74.4476783056633,57.4714836412507,TRUE,-2.466926362134666e-6,0.015280056379359938,74.44767830566327,57.47148364125065,3.8116482626443515e-21,3.8163916471489756e-17,2.842170943040401e-14,4.973799150320701e-14
Demersal,1998,2024,TRUE,-2.82846940292162e-6,0.0103678683864551,74.6580543479966,70.3187147109219,TRUE,-2.828469402921617e-6,0.010367868386455089,74.65805434799661,70.31871471092192,2.964615315390051e-21,1.0408340855860843e-17,1.4210854715202004e-14,2.842170943040401e-14
Demersal,1999,2024,TRUE,-3.17284685134453e-6,0.00637095331312678,74.6649734875701,56.6252326719999,TRUE,-3.1728468513445338e-6,0.006370953313126782,74.66497348757012,56.62523267199991,3.8116482626443515e-21,1.734723475976807e-18,2.842170943040401e-14,7.105427357601002e-15
Demersal,2000,2024,TRUE,-3.19773139017688e-6,0.006808479671269,74.0375820767916,69.1453649156248,TRUE,-3.1977313901768753e-6,0.006808479671268997,74.03758207679157,69.14536491562475,4.658681209898652e-21,2.6020852139652106e-18,2.842170943040401e-14,4.263256414560601e-14
Demersal,2001,2024,TRUE,-3.20286164657185e-6,0.00790666414056442,73.2696338040767,68.0044169040587,TRUE,-3.2028616465718496e-6,0.007906664140564417,73.26963380407669,68.00441690405866,4.235164736271502e-22,3.469446951953614e-18,1.4210854715202004e-14,4.263256414560601e-14
Demersal,2002,2024,TRUE,-3.20556738438065e-6,0.00940493650517669,72.3869626829695,66.7781179794559,TRUE,-3.2055673843806483e-6,0.009404936505176691,72.38696268296948,66.7781179794559,1.6940658945086007e-21,1.734723475976807e-18,1.4210854715202004e-14,0
Demersal,2003,2024,TRUE,-3.22842960751089e-6,0.0110701590984373,71.3623370464577,65.5223959248634,TRUE,-3.2284296075108932e-6,0.011070159098437322,71.36233704645772,65.5223959248634,3.3881317890172014e-21,2.2551405187698492e-17,2.842170943040401e-14,0
Demersal,2004,2024,TRUE,-3.5718863435933e-6,0.0100220364851905,70.421304226217,64.5611396292991,TRUE,-3.571886343593305e-6,0.010022036485190467,70.42130422621703,64.5611396292991,4.658681209898652e-21,3.2959746043559335e-17,2.842170943040401e-14,0
Demersal,2005,2024,TRUE,-3.75303115256524e-6,0.00903346844794658,69.4440565143273,63.6431952596966,TRUE,-3.753031152565243e-6,0.009033468447946575,69.44405651432731,63.643195259696625,2.964615315390051e-21,5.204170427930421e-18,1.4210854715202004e-14,2.842170943040401e-14
Demersal,2006,2024,TRUE,-4.08933647482656e-6,0.00700916616748189,67.835798656243,62.4156366550012,TRUE,-4.089336474826557e-6,0.00700916616748189,67.83579865624299,62.415636655001244,3.3881317890172014e-21,0,1.4210854715202004e-14,4.263256414560601e-14
Demersal,2007,2024,TRUE,-4.5624518967595e-6,0.0041884470261762,66.1774265131275,26.7842454344941,TRUE,-4.562451896759496e-6,0.004188447026176198,66.17742651312754,26.7842454344941,3.3881317890172014e-21,1.734723475976807e-18,4.263256414560601e-14,0
Demersal,2008,2024,TRUE,-4.64385161859e-6,0.00680950604223311,90.2176501680994,33.7065788769552,TRUE,-4.643851618590002e-6,0.006809506042233109,90.2176501680994,33.70657887695516,1.6940658945086007e-21,8.673617379884035e-19,0,3.552713678800501e-14
Demersal,2009,2024,TRUE,-5.60989170888888e-6,0.00211436181100554,61.9070741779467,26.1777429141778,TRUE,-5.609891708888882e-6,0.0021143618110055396,61.90707417794674,26.177742914177788,1.6940658945086007e-21,4.336808689942018e-19,4.263256414560601e-14,1.0658141036401503e-14
Demersal,2010,2024,TRUE,-5.72786983677298e-6,0.00527116118769503,58.9882057979435,11.6548101144245,TRUE,-5.727869836772977e-6,0.005271161187695029,58.98820579794353,11.65481011442451,3.3881317890172014e-21,1.734723475976807e-18,2.842170943040401e-14,1.0658141036401503e-14
Demersal,2011,2024,TRUE,-6.1280530814077e-6,0.0113614597361809,55.4486803636671,9.11297383137123,TRUE,-6.128053081407704e-6,0.011361459736180905,55.4486803636671,9.112973831371226,4.235164736271502e-21,5.204170427930421e-18,0,3.552713678800501e-15
Demersal,2012,2024,TRUE,-1.10338712528665e-5,8.74826066580197e-5,53.509880007815,18.5848517449015,TRUE,-1.103387125286649e-5,8.748260665801973e-5,53.50988000781497,18.58485174490147,8.470329472543003e-21,2.710505431213761e-20,2.842170943040401e-14,2.842170943040401e-14
Demersal,2013,2024,TRUE,-1.11801032595684e-5,3.189399271336e-4,85.8998964684626,45.4523308658076,TRUE,-1.1180103259568447e-5,3.1893992713360076e-4,85.89989646846257,45.452330865807625,4.743384504624082e-20,7.589415207398531e-19,2.842170943040401e-14,2.1316282072803006e-14
Demersal,2014,2024,TRUE,-9.74612464846542e-6,0.00432883354743614,83.2672046990349,39.7492542218905,TRUE,-9.746124648465424e-6,0.004328833547436136,83.2672046990349,39.74925422189051,5.082197683525802e-21,3.469446951953614e-18,0,7.105427357601002e-15
Demersal,2015,2024,TRUE,-9.87917103628421e-6,0.0153214509350942,79.9950118077099,17.3257908703621,TRUE,-9.879171036284207e-6,0.015321450935094173,79.99501180770989,17.32579087036209,3.3881317890172014e-21,2.7755575615628914e-17,1.4210854715202004e-14,7.105427357601002e-15
Demersal,2016,2024,TRUE,-1.11438071381526e-5,0.0043945157281888,80.9223769840698,13.8390609167991,TRUE,-1.11438071381526e-5,0.004394515728188802,80.92237698406984,13.839060916799115,0,1.734723475976807e-18,4.263256414560601e-14,1.4210854715202004e-14
Demersal,2017,2024,TRUE,-8.70276140148167e-6,0.126155764542013,47.7392053504577,15.5942129444282,TRUE,-8.702761401481675e-6,0.1261557645420132,47.739205350457716,15.594212944428204,5.082197683525802e-21,1.942890293094024e-16,1.4210854715202004e-14,3.552713678800501e-15
Pelagic,1971,2024,TRUE,-3.3004416811765903e-9,0.762924150677401,44.2417202450926,25.1814200680972,TRUE,-3.3004416811765886e-9,0.7629241506774007,44.241720245092566,25.181420068097147,1.6543612251060553e-24,3.3306690738754696e-16,3.552713678800501e-14,5.3290705182007514e-14
Pelagic,1972,2024,TRUE,2.34815022221247e-9,0.776951463429978,44.2389672611126,24.3025176359249,TRUE,2.348150222212467e-9,0.776951463429978,44.23896726111259,24.30251763592492,2.895132143935597e-24,0,7.105427357601002e-15,2.1316282072803006e-14
Pelagic,1973,2024,TRUE,1.32429039514465e-9,0.844467324867346,43.8311644657863,23.8441534693878,TRUE,1.324290395144649e-9,0.844467324867346,43.831164465786316,23.84415346938776,1.0339757656912846e-24,0,1.4210854715202004e-14,3.907985046680551e-14
Pelagic,1974,2024,TRUE,9.027287446463481e-10,0.88980907103711,37.8584548104956,20.3853824663679,TRUE,9.027287446463485e-10,0.8898090710371105,37.85845481049563,20.385382466367876,4.1359030627651384e-25,4.440892098500626e-16,2.842170943040401e-14,2.4868995751603507e-14
Pelagic,1975,2024,TRUE,6.312071660913e-10,0.922142133330838,37.3781480677377,19.9122998864329,TRUE,6.312071660912997e-10,0.9221421333308384,37.37814806773774,19.912299886432862,3.101927297073854e-25,3.3306690738754696e-16,4.263256414560601e-14,3.907985046680551e-14
Pelagic,1976,2024,TRUE,2.02063704157878e-10,0.974011947504998,42.6438163048399,22.4637740349149,TRUE,2.020637041578784e-10,0.9740119475049984,42.64381630483988,22.463774034914863,3.877409121342317e-25,4.440892098500626e-16,2.1316282072803006e-14,3.552713678800501e-14
Pelagic,1977,2024,TRUE,3.01839366115238e-10,0.961538929033824,42.4906085347705,22.1208196417312,TRUE,3.0183936611523843e-10,0.9615389290338237,42.490608534770544,22.120819641731206,4.1359030627651384e-25,3.3306690738754696e-16,4.263256414560601e-14,7.105427357601002e-15
Pelagic,1978,2024,TRUE,6.99482197536541e-10,0.908207921970946,42.4283413848631,21.8165483787599,TRUE,6.994821975365406e-10,0.9082079219709456,42.428341384863124,21.816548378759865,4.1359030627651384e-25,4.440892098500626e-16,2.1316282072803006e-14,3.552713678800501e-14
Pelagic,1979,2024,TRUE,4.15547797251518e-10,0.944838416307245,41.8628675763982,21.2471351655831,TRUE,4.1554779725151757e-10,0.9448384163072454,41.86286757639823,21.247135165583106,4.1359030627651384e-25,4.440892098500626e-16,2.842170943040401e-14,7.105427357601002e-15
Pelagic,1980,2024,TRUE,4.21038782991575e-10,0.944820179464303,41.7179170207834,20.8801077210731,TRUE,4.210387829915755e-10,0.9448201794643034,41.71791702078344,20.88010772107312,4.652890945610781e-25,4.440892098500626e-16,3.552713678800501e-14,2.1316282072803006e-14
Pelagic,1981,2024,TRUE,2.88566506785134e-10,0.962485781179408,41.4191950177689,20.2807889049138,TRUE,2.8856650678513373e-10,0.962485781179408,41.41919501776888,20.28078890491378,2.5849394142282115e-25,0,2.1316282072803006e-14,1.7763568394002505e-14
Pelagic,1982,2024,TRUE,2.9637985012203103e-10,0.961986212962846,41.2632999065182,19.7937627840659,TRUE,2.963798501220306e-10,0.9619862129628461,41.26329990651823,19.793762784065866,4.1359030627651384e-25,1.1102230246251565e-16,2.842170943040401e-14,3.552713678800501e-14
Pelagic,1983,2024,TRUE,1.4620066827442101e-10,0.981400320835143,41.0544090056285,19.0124842688385,TRUE,1.4620066827442063e-10,0.9814003208351427,41.054409005628514,19.012484268838524,3.877409121342317e-25,2.220446049250313e-16,1.4210854715202004e-14,2.4868995751603507e-14
Pelagic,1984,2024,TRUE,5.13474734109748e-10,0.933564553309986,40.9297986089484,18.1040455677064,TRUE,5.13474734109748e-10,0.9335645533099857,40.92979860894841,18.10404556770638,0,3.3306690738754696e-16,7.105427357601002e-15,2.1316282072803006e-14
Pelagic,1985,2024,TRUE,4.2138379479012003e-10,0.946141190590162,40.7258654350067,17.487506015953,TRUE,4.2138379479012003e-10,0.9461411905901624,40.72586543500672,17.487506015953024,0,4.440892098500626e-16,1.4210854715202004e-14,2.4868995751603507e-14
Pelagic,1986,2024,TRUE,7.43551664423727e-10,0.904215209595109,40.4863327053939,16.9481418165964,TRUE,7.435516644237267e-10,0.9042152095951087,40.48633270539387,16.948141816596387,3.101927297073854e-25,3.3306690738754696e-16,2.842170943040401e-14,1.4210854715202004e-14
Pelagic,1987,2024,TRUE,9.31019906932576e-10,0.881136998726174,40.2836407836408,16.4956750337671,TRUE,9.310199069325758e-10,0.8811369987261739,40.28364078364079,16.495675033767103,2.0679515313825692e-25,1.1102230246251565e-16,7.105427357601002e-15,3.552713678800501e-15
Pelagic,1988,2024,TRUE,1.13504967648109e-9,0.856356628633319,40.0560224089636,15.9236274858111,TRUE,1.135049676481087e-9,0.8563566286333193,40.056022408963585,15.923627485811101,3.1019272970738538e-24,3.3306690738754696e-16,1.4210854715202004e-14,1.7763568394002505e-15
Pelagic,1989,2024,TRUE,1.1759253548444e-9,0.853612171693127,39.8249224823619,15.4253478051576,TRUE,1.1759253548443951e-9,0.8536121716931268,39.824922482361934,15.425347805157617,4.963083675318166e-24,2.220446049250313e-16,3.552713678800501e-14,1.7763568394002505e-14
Pelagic,1990,2024,TRUE,1.4691120646131e-9,0.817675907142442,39.4992201426025,14.6137709023469,TRUE,1.4691120646130998e-9,0.8176759071424423,39.4992201426025,14.613770902346866,2.0679515313825692e-25,3.3306690738754696e-16,0,3.375077994860476e-14
Pelagic,1991,2024,TRUE,1.3105514191014801e-9,0.839079670456726,39.1355846774194,17.113306216479,TRUE,1.31055141910148e-9,0.8390796704567263,39.13558467741935,17.113306216479046,2.0679515313825692e-25,2.220446049250313e-16,4.973799150320701e-14,4.618527782440651e-14
Pelagic,1992,2024,TRUE,1.4791069269449501e-9,0.821068124584317,38.6074401664932,16.7348265255156,TRUE,1.479106926944949e-9,0.8210681245843174,38.60744016649324,16.73482652551561,1.0339757656912846e-24,4.440892098500626e-16,4.263256414560601e-14,1.0658141036401503e-14
Pelagic,1993,2024,TRUE,-2.1637495486876403e-9,0.822433189767304,37.7871709306637,23.4069819081352,TRUE,-2.163749548687638e-9,0.8224331897673043,37.7871709306637,23.406981908135222,2.481541837659083e-24,3.3306690738754696e-16,0,2.1316282072803006e-14
Pelagic,1996,2024,TRUE,-6.5262684286557e-7,0.570290635189345,36.9930355019535,17.9219573658181,TRUE,-6.526268428655701e-7,0.570290635189345,36.99303550195346,17.92195736581809,1.0587911840678754e-22,0,4.263256414560601e-14,7.105427357601002e-15
Pelagic,1997,2024,TRUE,-1.6973530471037e-6,0.107761336914676,59.3191053007265,37.3416141535723,TRUE,-1.6973530471036956e-6,0.10776133691467633,59.31910530072654,37.341614153572344,4.446922973085077e-21,3.3306690738754696e-16,4.263256414560601e-14,4.263256414560601e-14
Pelagic,1998,2024,TRUE,-3.03251626198544e-6,0.00130708656384272,72.1651813897544,42.106680632869,TRUE,-3.0325162619854362e-6,0.0013070865638427228,72.16518138975441,42.10668063286896,3.8116482626443515e-21,2.8189256484623115e-18,1.4210854715202004e-14,4.263256414560601e-14
Pelagic,1999,2024,TRUE,-3.53113255407633e-6,2.5146641036932e-4,54.389363961118,32.315312766906,TRUE,-3.531132554076333e-6,2.51466410369325e-4,54.389363961117994,32.315312766905954,2.964615315390051e-21,4.9873299934333204e-18,7.105427357601002e-15,4.263256414560601e-14
Pelagic,2000,2024,TRUE,-3.54105025379806e-6,3.2524128952061e-4,53.0188065767022,38.7692732250682,TRUE,-3.5410502537980593e-6,3.252412895206142e-4,53.01880657670224,38.76927322506822,8.470329472543003e-22,4.174178364069192e-18,4.263256414560601e-14,2.1316282072803006e-14
Pelagic,2001,2024,TRUE,-3.56504305737549e-6,1.0036367558378e-4,68.269419622456,49.9488013131927,TRUE,-3.5650430573754867e-6,1.0036367558378436e-4,68.26941962245603,49.9488013131927,3.3881317890172014e-21,4.363913744254155e-18,2.842170943040401e-14,0
Pelagic,2002,2024,TRUE,-3.58370511076896e-6,5.22875662514196e-5,67.4897853484255,34.7734295213346,TRUE,-3.5837051107689596e-6,5.228756625141961e-5,67.48978534842549,34.77342952133459,4.235164736271502e-22,1.3552527156068805e-20,1.4210854715202004e-14,7.105427357601002e-15
Pelagic,2003,2024,TRUE,-3.62542199105238e-6,6.64802141027062e-5,66.7202598590395,33.277754247747,TRUE,-3.625421991052384e-6,6.64802141027062e-5,66.72025985903952,33.277754247747,3.8116482626443515e-21,0,1.4210854715202004e-14,0
Pelagic,2004,2024,TRUE,-4.03793779487334e-6,3.40405846667175e-5,65.5689989542567,45.3839913752163,TRUE,-4.037937794873338e-6,3.404058466671747e-5,65.56899895425673,45.38399137521631,1.6940658945086007e-21,2.710505431213761e-20,2.842170943040401e-14,1.4210854715202004e-14
Pelagic,2005,2024,TRUE,-4.09007721231797e-6,5.53917513455518e-5,64.5693638484422,43.9938169074309,TRUE,-4.090077212317965e-6,5.539175134555183e-5,64.5693638484422,43.993816907430876,5.082197683525802e-21,2.710505431213761e-20,0,2.1316282072803006e-14
Pelagic,2006,2024,TRUE,-4.391610725574e-6,3.27494691939228e-5,62.8993214491643,41.864590818777,TRUE,-4.391610725574005e-6,3.274946919392276e-5,62.89932144916434,41.864590818776975,5.082197683525802e-21,3.3881317890172014e-20,4.263256414560601e-14,2.842170943040401e-14
Pelagic,2007,2024,TRUE,-4.50476809144428e-6,6.15474744850015e-5,61.2202340444631,39.6054732926904,TRUE,-4.504768091444277e-6,6.154747448500154e-5,61.22023404446306,39.60547329269042,2.541098841762901e-21,4.0657581468206416e-20,3.552713678800501e-14,2.1316282072803006e-14
Pelagic,2008,2024,TRUE,-4.43877964713964e-6,1.9346776764222e-4,59.5652680450677,37.3177800628038,TRUE,-4.438779647139642e-6,1.9346776764222803e-4,59.56526804506769,37.31778006280378,1.6940658945086007e-21,8.023096076392733e-18,7.105427357601002e-15,2.1316282072803006e-14
Pelagic,2009,2024,TRUE,-4.57353190770371e-6,4.5035647257224e-4,57.7321099634939,13.1637678343762,TRUE,-4.5735319077037134e-6,4.503564725722463e-4,57.73210996349391,13.16376783437621,3.3881317890172014e-21,6.342582709040201e-18,1.4210854715202004e-14,1.0658141036401503e-14
Pelagic,2010,2024,TRUE,-4.81657838475036e-6,0.00101148573464135,55.8133121219509,5.5151522135414,TRUE,-4.816578384750357e-6,0.0010114857346413516,55.81331212195091,5.515152213541404,3.3881317890172014e-21,1.5178830414797062e-18,7.105427357601002e-15,3.552713678800501e-15
Pelagic,2011,2024,TRUE,-5.9408886727787e-6,3.8322712723483e-4,53.3469969440528,19.7358435204173,TRUE,-5.9408886727786974e-6,3.832271272348383e-4,53.346996944052776,19.735843520417284,2.541098841762901e-21,8.294146619514109e-18,2.1316282072803006e-14,1.7763568394002505e-14
Pelagic,2012,2024,TRUE,-6.57042162678147e-6,0.00248623455754915,49.093679158199,16.5962245276779,TRUE,-6.570421626781471e-6,0.0024862345575491474,49.093679158198995,16.596224527677926,8.470329472543003e-22,2.6020852139652106e-18,7.105427357601002e-15,2.4868995751603507e-14
Pelagic,2013,2024,TRUE,-6.0532749178648e-6,0.00899208393665967,45.0805227442034,13.4519174457658,TRUE,-6.053274917864798e-6,0.008992083936659673,45.08052274420344,13.451917445765796,1.6940658945086007e-21,3.469446951953614e-18,4.263256414560601e-14,3.552713678800501e-15
Pelagic,2014,2024,TRUE,-5.68306315993861e-6,0.043341211853683,37.8801572315985,1.62172827888757,TRUE,-5.683063159938611e-6,0.043341211853683025,37.8801572315985,1.621728278887566,1.6940658945086007e-21,2.7755575615628914e-17,0,3.9968028886505635e-15
Pelagic,2015,2024,TRUE,-6.08638810425348e-6,0.0777517765122314,30.7125530546757,0,TRUE,-6.086388104253479e-6,0.07775177651223139,30.712553054675656,0,8.470329472543003e-22,1.3877787807814457e-17,4.263256414560601e-14,0
Pelagic,2016,2024,TRUE,-7.57548183004619e-6,0.00583138014753963,0,0,TRUE,-7.575481830046194e-6,0.005831380147539628,0,0,4.235164736271502e-21,2.6020852139652106e-18,0,0
Pelagic,2017,2024,TRUE,-1.39545833562056e-6,0.491733439457986,22.0163918749575,0,TRUE,-1.3954583356205581e-6,0.491733439457986,22.016391874957534,0,1.9058241313221758e-21,0,3.552713678800501e-14,0
