start_year,end_year,n_years,n_rows,valid,reasons_invalid,n_usable,n_valid,n_usable_years,frac_usable,rho_ce,beta,p_value,r_squared,effort_mean,ec,ic,f_out,acf1,ess,s_slope,s_e,s_i,s_n,s_ce,s_cov,s_ess,p_out,p_miss,dsi_base,dsi,f_cook,f_lev,p_inf,s_acf,z_shift,s_shift,cor_fit_e,s_fit_e,f_beta_pos,s_stab,dsi_v2,group_key
1972,2024,53,49,TRUE,NA,49,49,NA,1,0.9012244897959183,-1.3825716046570916e-7,0.9255026835747466,1.8799536452221717e-4,60967.98790243127,2.3989397618590944,9.96253447694129,0.08163265306122448,0.7809429708747194,10.733794427138749,0,1,1,1,0.9506122448979591,1,0.3381281733670535,0.5918367346938775,0.900719226005058,59.506122448979596,35.21790920449813,0.08163265306122448,0.061224489795918366,0.41066222407330283,0,1.9645517011281761,0.2141793195487296,-1,1,0.1836734693877551,0.3877551020408163,11.83046154573573,Anchovy
1973,2024,52,48,TRUE,NA,48,48,NA,1,0.8950282240555797,-4.0416454678986586e-7,0.7875260686376947,0.001595187456628896,62006.39007092237,2.3587654467934254,9.96253447694129,0.08333333333333333,0.7926359441812875,9.953474679298202,0,1,1,1,0.9475141120277899,1,0.2823910485213001,0.5833333333333334,0.892358657278195,59.4751411202779,34.69383232016211,0.10416666666666667,0.0625,0.3294270833333333,0,2.1526082877665838,0.13895668489336654,-1,1,0.041666666666666664,0.8611111111111112,9.986369663181572,Anchovy
1974,2024,51,47,TRUE,NA,47,47,NA,1,0.8903792784458835,-5.458703308921805e-7,0.7214334473160438,0.002852441640956527,62993.32085924168,2.3218101281959833,9.96253447694129,0.0851063829787234,0.772943651085623,10.671648398975718,0,1,1,1,0.9451896392229417,1,0.3336891713554084,0.574468085106383,0.9000533757033112,59.45189639222942,34.153217076387115,0.1276595744680851,0.06382978723404255,0.24626527840651888,0,2.612649435066997,0,-1,1,0.02127659574468085,0.9290780141843972,7.489592042622457,Anchovy
1975,2024,50,46,TRUE,NA,46,46,NA,1,0.8864014801110082,-9.698934202355377e-7,0.5105073216629199,0.009904517746251418,63759.930067110035,2.293894146774366,9.96253447694129,0.06521739130434782,0.7048787129450838,13.575579204526147,0,1,1,1,0.943200740055504,1,0.5411128003232962,0.673913043478261,0.9311669200484944,59.432007400555044,40.05200498733058,0.10869565217391304,0.06521739130434782,0.30765595463138,0,2.406337373508147,0.03746505059674132,-1,1,0,1,11.474060247593824,Anchovy
1976,2024,49,45,TRUE,NA,45,45,NA,1,0.8861660079051382,-1.5527670770723678e-6,0.23656344204763416,0.03242307058121615,64516.12370824101,2.2670074079637272,7.021381125173451,0.06666666666666667,0.696043312712244,13.678050927949021,0,1,1,1,0.943083003952569,1,0.5484322091392159,0.6666666666666667,0.9322648313708823,59.430830039525695,39.620553359683804,0.1111111111111111,0.044444444444444446,0.3456790123456791,0,2.182799164816888,0.12688033407324484,-1,1,0,1,12.768293307496629,Anchovy
1977,2024,48,44,TRUE,NA,44,44,NA,1,0.8790697674418604,-2.141503144561425e-6,0.07706317941984658,0.07254290508298883,65485.16801740953,2.233460412605235,5.276359411385763,0.06818181818181818,0.7273358969576036,11.997220533865441,0.614684102900767,1,1,1,0.9395348837209302,1,0.42837289527610295,0.6590909090909092,0.9142559342914154,80.90929243873614,53.32657910734883,0.09090909090909091,0.045454545454545456,0.4214876033057851,0,2.1947352386558125,0.122105904537675,-1,1,0,1,20.549266211752627,Anchovy
1978,2024,47,43,TRUE,NA,43,43,NA,1,0.8705829054666264,-2.6710807378218405e-6,0.02546016709180958,0.11595026873753324,66798.04284403761,2.1895631092242644,5.276359411385763,0.046511627906976744,0.6710558223454014,14.14459963914774,0.8726991645409521,1,1,1,0.9352914527333132,1,0.5817571170819814,0.7674418604651163,0.9372635675622972,89.89738528626646,68.9910166150417,0.06976744186046512,0.046511627906976744,0.4997295835586804,0,2.2068076862645416,0.11727692549418334,-1,1,0,1,32.313897306016266,Anchovy
1979,2024,46,42,TRUE,NA,42,42,NA,1,0.8611133619641844,-3.4605431563345518e-6,0.0022264974663742556,0.21077259319801747,68245.45970912343,2.1119154476145203,4.916295431907878,0.07142857142857142,0.7362756153725026,11.07642415435489,0.9888675126681288,1,1,1,0.9305566809820922,1,0.3626017253110635,0.6428571428571429,0.9043902587966595,93.91592975320542,60.37452626991777,0.14285714285714285,0.047619047619047616,0.21768707482993202,0,2.271535513681996,0.09138579452720152,-1,1,0,1,11.886178707586756,Anchovy
1980,2024,45,41,TRUE,NA,41,41,NA,1,0.8506968641114985,-3.891633872944616e-6,6.881901781059999e-4,0.2585307452246633,69682.31213264284,2.0683676556957233,4.916295431907878,0.07317073170731707,0.7098925169907085,11.89440680338095,0.99655904910947,1,1,1,0.9253484320557492,1,0.42102905738435353,0.6341463414634148,0.913154358607653,94.13305103938893,59.694129927417386,0.12195121951219512,0.04878048780487805,0.2950624628197502,0,2.248205098852246,0.10071796045910164,-1,1,0,1,16.08384154881042,Anchovy
1981,2024,44,40,TRUE,NA,40,40,NA,1,0.8392120075046903,-4.4279919554097195e-6,1.0974826827318225e-4,0.328842865785592,71127.70998607027,2.0263360175306984,4.916295431907878,0.05,0.6834459031796003,12.662163872815988,0.999451258658634,1,1,1,0.9196060037523451,1,0.47586884805828483,0.75,0.9213803272087427,94.17685409057563,70.63264056793173,0.1,0.05,0.375,0,2.232204434060841,0.1071182263756636,-1,1,0,1,24.404822054286917,Anchovy
1982,2024,43,39,TRUE,NA,39,39,NA,1,0.8265182186234817,-5.060528822835654e-6,1.0163671405361264e-5,0.4133555088279515,72742.87115748572,1.915161000814891,4.916295431907878,0.02564102564102564,0.6925800255854986,11.989379002165556,0.9999491816429732,1,1,1,0.9132591093117408,1,0.4278127858689683,0.8717948717948718,0.9141719178803452,94.13081245062148,82.06275957233667,0.10256410256410256,0.05128205128205128,0.3622616699539777,0,2.210762460700697,0.11569501571972118,-1,1,0,1,27.176678591678485,Anchovy
1983,2024,42,38,TRUE,NA,38,38,NA,1,0.8124521282416018,-5.532680625936208e-6,2.3024940574773627e-6,0.4665211249977007,74316.34789947215,1.7845113892483833,4.916295431907878,0.05263157894736842,0.6904169177895698,11.764157123996346,0.9999884875297126,1,1,1,0.9062260641208009,1,0.4117255088568819,0.736842105263158,0.9117588263285322,94.06185770474794,69.30873725613006,0.13157894736842105,0.05263157894736842,0.2520775623268699,0,2.1810288931220727,0.12758844275117087,-1,1,0,1,15.929500324325547,Anchovy
1984,2024,41,37,TRUE,NA,37,37,NA,1,0.7968231389284021,-5.909620540517425e-6,8.60656122146251e-7,0.5040499758041991,75793.90606821014,1.649421578629852,4.916295431907878,0.05405405405405406,0.7558097894950583,9.035037788682844,0.9999956967193893,1,1,1,0.898411569464201,1,0.21678841347734604,0.7297297297297297,0.8825182620216019,93.98396507982063,68.58289343662587,0.10810810810810811,0.05405405405405406,0.33528122717311903,0,2.1536839892101316,0.13852640431594732,-0.9999999999999998,1,0,1,20.293116192350354,Anchovy
1985,2024,40,36,TRUE,NA,36,36,NA,1,0.7897039897039898,-5.890868801249798e-6,1.7899123764962383e-6,0.493482608956844,76992.95609773877,1.623734306796171,4.916295431907878,0.05555555555555555,0.7573983030318522,8.733661090853321,0.9999910504381175,1,1,1,0.8948519948519948,1,0.19526150648952292,0.7222222222222223,0.8792892259734284,93.94820671385405,67.85148262667238,0.1111111111111111,0.05555555555555555,0.32098765432098775,0,2.180410751775711,0.1278356992897155,-1,1,0,1,19.1504693659119,Anchovy
1986,2024,39,35,TRUE,NA,35,35,NA,1,0.7831932773109245,-5.968817788525477e-6,2.124039361760158e-6,0.49891769276269926,77789.80380839425,1.6071014204571048,4.916295431907878,0.05714285714285714,0.7357810208530929,9.247664270141748,0.9999893798031912,1,1,1,0.8915966386554622,1,0.2319760192958391,0.7142857142857143,0.8847964028943759,93.9155946796663,67.08256762833307,0.11428571428571428,0.05714285714285714,0.30612244897959184,0,2.1594204338646072,0.1362318264541571,-1,1,0,1,18.169718735041165,Anchovy
1987,2024,38,34,TRUE,NA,34,34,NA,1,0.7754010695187165,-6.349809067929725e-6,6.661580526304272e-7,0.5432226609450941,79134.84495874363,1.5797857980605903,4.916295431907878,0.058823529411764705,0.6777253535049109,10.957337980833028,0.9999966692097368,1,1,1,0.8877005347593583,1,0.354095570059502,0.7058823529411765,0.9031143355089253,93.87688876993437,66.26603913171839,0.058823529411764705,0.058823529411764705,0.4982698961937717,0,2.1277321518117467,0.1489071392753013,-1,1,0,1,29.819365485135098,Anchovy
1988,2024,37,33,TRUE,NA,33,33,NA,1,0.7690508021390374,-6.8745513614593556e-6,4.6292903979377314e-8,0.6238597606291738,80461.51526351919,1.553737880626659,4.916295431907878,0.06060606060606061,0.6721346643935705,10.819556075012173,0.9999997685354801,1,1,1,0.8845254010695187,1,0.34425400535801237,0.696969696969697,0.9016381008037019,93.845245909437,65.407292603547,0.06060606060606061,0.06060606060606061,0.4857667584940313,0,2.097852450859399,0.16085901965624028,-1,1,0,1,28.647466525489918,Anchovy
1989,2024,36,32,TRUE,NA,32,32,NA,1,0.7602639296187683,-7.2918908460155605e-6,9.617563532669853e-9,0.6717377028261625,81879.60867802295,1.5268283058014305,4.916295431907878,0.0625,0.6426239988490425,11.436032036830639,0.9999999519121824,1,1,1,0.8801319648093842,1,0.3882880026307599,0.6875,0.9082432003946139,93.80131796502023,64.48840610095141,0.03125,0.0625,0.580078125,0,2.066770407618407,0.17329183695263717,-0.9999999999999998,1,0,1,33.97584655196537,Anchovy
1990,2024,35,31,TRUE,NA,31,31,NA,1,0.7495967741935485,-7.539755793132867e-6,3.1832172273198417e-9,0.7071545906070784,82844.48142749381,1.5090456484656138,4.916295431907878,0.06451612903225806,0.6195689004761727,11.793364085238645,0.9999999840839139,1,1,1,0.8747983870967743,1,0.41381172037418895,0.6774193548387097,0.9120717580561283,93.74798331390473,63.506698373935464,0.03225806451612903,0.03225806451612903,0.7034339229968783,0,2.0334375812124534,0.18662496751501867,-1,1,0,1,40.74476819891444,Anchovy
1991,2024,34,30,TRUE,NA,30,30,NA,1,0.7334816462736374,-7.642543147874545e-6,1.993053944991539e-9,0.7289972049433104,83349.87362797724,1.4998955457994474,4.916295431907878,0.06666666666666667,0.6015825332673798,11.952524001978608,0.9999999900347303,1,1,1,0.8667408231368188,1,0.42518028585561485,0.6666666666666667,0.9137770428783423,93.66740788258375,62.44493858838917,0.03333333333333333,0.03333333333333333,0.6944444444444445,0,1.9988894742275396,0.20044421030898418,-1,1,0,1,39.62552175417913,Anchovy
1996,2024,29,29,TRUE,NA,29,29,NA,1,0.7133004926108373,-7.817551532046404e-6,1.7005305067877445e-9,0.7449516151238406,84434.33019444764,1.4806312066388714,4.916295431907878,0.06896551724137931,0.5976214541703536,11.668977829059745,0.9999999914973474,1,1,1,0.8566502463054186,1,0.4049269877899818,0.6551724137931034,0.9107390481684973,93.56650216546134,61.30219107392295,0.034482758620689655,0.034482758620689655,0.6848989298454221,0.003964243049410565,1.9758205729967477,0.20967177080130095,-1,1,0,1,38.23811214031078,Anchovy
1997,2024,28,28,TRUE,NA,28,28,NA,1,0.7602627257799671,-7.5816155178806574e-6,1.2646637552824967e-08,0.7183729286858246,82198.39146428934,1.5209069419790593,4.916295431907878,0.07142857142857142,0.5710206725232205,12.011421169349825,0.9999999367668122,1,1,1,0.8801313628899836,1,0.4293872263821304,0.6428571428571429,0.9144080839573195,93.80131141573827,60.300843052974606,0.07142857142857142,0.03571428571428571,0.528061224489796,0.04829887912796571,1.9994483968088723,0.20022064127645112,-1,1,0,1,29.117073265091534,Anchovy
1998,2024,27,27,TRUE,NA,27,27,NA,1,0.8192918192918192,-7.0837099449719865e-6,1.4485283942036986e-7,0.6758311897813974,79603.32948555486,1.3868678151291574,3.651470072781777,0.07407407407407407,0.5731736361663429,11.524311823508743,0.9999992757358029,1,1,1,0.9096459096459095,1,0.39459370167919594,0.6296296296296297,0.9091890552518793,94.09643374721219,59.2459027297262,0.037037037037037035,0,0.8148148148148149,0.044710606389428476,2.0925201095705366,0.1629919561717854,-0.9999999999999998,1,0,1,43.89059182475775,Anchovy
1999,2024,26,26,TRUE,NA,26,26,NA,1,0.8652991452991452,-6.86943995472752e-6,7.381926904726712e-7,0.6468854997496473,77588.92158837232,1.4228744694549618,3.4885761160380313,0.07692307692307693,0.5479773645041536,11.752588522892006,0.9999963090365477,1,1,1,0.9326495726495726,1,0.4108991802065719,0.6153846153846154,0.9116348770309858,94.32636654277489,58.046994795553786,0.038461538461538464,0.038461538461538464,0.6523668639053255,0.08670439249307738,2.1037870262571747,0.15848518949713009,-1,1,0,1,34.52173113675468,Anchovy
2000,2024,25,25,TRUE,NA,25,25,NA,1,0.8615384615384616,-6.826127402008753e-6,9.127522271771131e-7,0.6566249784746857,77339.5616043092,1.427462133874918,3.4885761160380313,0.08,0.547472438521925,11.313189036951876,0.9999954362388641,1,1,1,0.9307692307692308,1,0.3795135026394197,0.6000000000000001,0.906927025395913,94.30753257605254,56.58451954563153,0.04,0,0.8,0.08754593579679171,2.0674372033878785,0.1730251186448486,-1,1,0,1,41.05442399598121,Anchovy
2001,2024,24,24,TRUE,NA,24,24,NA,1,0.8530434782608695,-6.8182463436635625e-6,1.432623414791104e-6,0.6598085614900558,77250.62645237471,1.4291055064608371,3.4885761160380313,0.08333333333333333,0.561029411885545,10.53529411474692,0.9999928368829261,1,1,1,0.9265217391304348,1,0.32394957962478,0.5833333333333334,0.8985924369437169,94.26496668220675,54.98789723128727,0.041666666666666664,0,0.7916666666666667,0.06495098019075829,2.0274473681069876,0.18902105275720493,-1,1,0,1,39.11760262224954,Anchovy
2002,2024,23,23,TRUE,NA,23,23,NA,1,0.8428853754940712,-6.820823990513895e-6,2.473215674496689e-6,0.6602831678887997,77150.55359761245,1.4309592153601134,3.4885761160380313,0.08695652173913043,0.5635017260923466,10.039460299876028,0.9999876339216275,1,1,1,0.9214426877470356,1,0.2885328785625734,0.5652173913043479,0.893279931784386,94.21399406472732,53.25138794962849,0.043478260869565216,0,0.782608695652174,0.06083045651275565,2.003312577067675,0.19867496917292993,-1,1,0,1,37.22744050048801,Anchovy
2003,2024,22,22,TRUE,NA,22,22,NA,1,0.8283455674760022,-6.804062141610182e-6,4.739138903702141e-6,0.6573592246496267,76399.86839207016,1.4450194478619895,3.4885761160380313,0.09090909090909091,0.5656745554134437,9.555159780904239,0.9999763043054815,1,1,1,0.9141727837380011,1,0.2539399843503028,0.5454545454545454,0.8880909976525454,94.14089848807184,51.349580993493724,0.045454545454545456,0,0.7727272727272727,0.057209074310927144,1.9611554748813882,0.21553781004744477,-1,1,0,1,35.238759565017475,Anchovy
2004,2024,21,21,TRUE,NA,21,21,NA,1,0.812987012987013,-6.909110643577414e-6,1.6019000392601692e-5,0.6333915488643183,73483.2784901112,1.2600539241629416,3.4885761160380313,0.09523809523809523,0.5574430243362222,9.293696488939334,0.999919904998037,1,1,1,0.9064935064935065,1,0.23526403492423814,0.5238095238095238,0.8852896052386356,94.06213173986636,49.2706404351681,0.047619047619047616,0,0.7619047619047619,0.07092829277296298,1.9343958834604913,0.22624164661580348,-1,1,0,1,33.233360625298836,Anchovy
2005,2024,20,20,TRUE,NA,20,20,NA,1,0.82556390977443606,-7.1063408789765226e-6,1.834368505959939e-5,0.6485906411980988,72052.24756019362,1.285079876855601,3.4885761160380313,0.1,0.5733376476765747,8.533247046468507,0.999908281574702,1,1,1,0.912781954887218,1,0.18094621760489332,0.5,0.8771419326407339,94.12460940398675,47.06230470199338,0.05,0,0.75,0.044437253872375515,1.902568606173188,0.23897255753072488,-1,1,0,1,30.96024067562518,Anchovy
2006,2024,19,19,TRUE,NA,19,19,NA,1,0.8175438596491229,-7.188302006594421e-6,4.133485332750189e-5,0.6378501363132556,69874.66147693119,1.3251283292784473,3.4885761160380313,0.10526315789473684,0.5742290368952615,8.089648298990031,0.9997933257333624,1,1,0.9166666666666666,0.9087719298245615,1,0.14926059278500223,0.4736842105263158,0.8723890889177504,93.24715236557995,44.169703752116824,0.05263157894736842,0,0.736842105263158,0.04295160517456409,1.8573017769465714,0.25707928922137147,-0.9999999999999998,1,0,1,28.392860347213997,Anchovy
2007,2024,18,18,TRUE,NA,18,18,NA,1,0.8018575851393188,-7.2387646211317606e-6,9.94466298609468e-5,0.6225110048399726,67549.93250902025,1.3707325822932326,3.4885761160380313,0.1111111111111111,0.5718087466241428,7.707442560765429,0.9995027668506953,1,1,0.8333333333333334,0.9009287925696594,1,0.12196018291181636,0.44444444444444453,0.8682940274367724,92.32521809880426,41.033430266135234,0.05555555555555555,0,0.7222222222222223,0.046985422293095214,1.811739155414389,0.27530433783424446,-1,1,0,1,25.732115084959485,Anchovy
2008,2024,17,17,TRUE,NA,17,17,NA,1,0.7892156862745099,-7.4373310981661395e-06,1.9332425887863365e-4,0.615231915389127,64972.151247195376,1.425116632963878,3.4885761160380313,0.11764705882352941,0.5706167685609468,7.299514934463905,0.9990333787056068,1,1,0.75,0.8946078431372549,1,0.09282249531885034,0.41176470588235303,0.8639233742978275,91.41224668606878,37.64033687073422,0.058823529411764705,0,0.7058823529411765,0.04897205239842195,1.7625697175081567,0.2949721129967373,-1,1,0,1,22.954141298168214,Anchovy
2009,2024,16,16,TRUE,NA,16,16,NA,1,0.7558823529411764,-7.653863884452759e-6,4.5630120232366525e-4,0.5962535212175767,61822.701286467774,1.4977167204774071,3.4885761160380313,0.125,0.5707391499094872,6.8681736014482055,0.9977184939883816,1,1,0.6666666666666666,0.8779411764705882,1,0.062012400103443256,0.375,0.85930186001551645,90.3662257209659,33.887334645362216,0.0625,0.0625,0.47265625,0.04876808348418804,1.7145013366305735,0.31419946534777066,-1,1,0,1,13.763489893355812,Anchovy
2010,2024,15,15,TRUE,NA,15,15,NA,1,0.707142857142857,-7.86222674565462e-6,0.0013099124831205148,0.5610594160266558,58192.09643808109,1.5911592654226805,3.4885761160380313,0.06666666666666667,0.5657192833551958,6.5142107496720625,0.9934504375843974,1,1,0.5833333333333334,0.8535714285714284,1,0.036729339262290175,0.6666666666666667,0.8555094008893435,89.13981293450152,59.426541956334354,0.06666666666666667,0.13333333333333333,0.22222222222222227,0.0571345277413402,1.670452910048729,0.3318188359805083,-1,1,0,1,11.297770067997565,Anchovy
2011,2024,14,14,TRUE,NA,14,14,NA,1,0.6395604395604395,-8.39561123597489e-6,0.0033826407576643775,0.5248646005575196,54059.98436541567,1.7127806178401017,3.4885761160380313,0,0.5480380641971976,6.327467101239234,0.9830867962116782,1,1,0.5,0.8197802197802198,1,0.023390507231373876,1,0.8535085760847061,87.60584006521093,87.60584006521093,0.07142857142857142,0.07142857142857142,0.41326530612244905,0.08660322633800399,1.6234533964432576,0.35061864142269694,-1,1,0,1,30.900812248325394,Anchovy
2012,2024,13,13,TRUE,NA,13,13,NA,1,0.5494505494505495,-1.0192045709456963e-5,0.007645626764119179,0.4908623168629085,48999.84053857126,1.1939040623310462,3.4885761160380313,0,0.48669324402012815,6.672987827738334,0.9617718661794041,1,1,0.4166666666666667,0.7747252747252747,1,0.048070559124166704,1,0.857210583868625,85.57593473019855,85.57593473019855,0.07692307692307693,0.07692307692307693,0.37869822485207105,0.18884459329978642,1.5804186281333588,0.3678325487466565,-1,1,0,1,27.78001305568828,Anchovy
2013,2024,12,12,TRUE,NA,12,12,NA,1,0.48251748251748255,-1.1415259079347985e-5,0.0075495204661381494,0.5266165568149922,46623.59461527709,1.2547532886579431,3.4885761160380313,0,0.413873554984334,7.033517340187992,0.9622523976693093,1,1,0.3333333333333333,0.7412587412587412,1,0.07382266715628516,1,0.8610734000734428,84.42475466434657,84.42475466434657,0.16666666666666666,0.08333333333333333,0.09722222222222227,0.3102107416927766,1.5418378253450176,0.38326486986199293,-1,1,0,1,7.067657970060642,Anchovy
2014,2024,11,11,TRUE,NA,11,11,NA,1,0.34545454545454546,-1.4117866767714108e-5,0.0079345242629536,0.5615487593200955,43066.64236528921,1.1728366452589205,3.4885761160380313,0,0.13540677326613712,9.51052549407249,0.960327378685232,1,1,0.25,0.6727272727272727,1,0.2507518210051779,1,0.8876127731507767,82.83873098125585,82.83873098125585,0.18181818181818182,0.09090909090909091,0.04958677685950415,0.7743220445564382,1.4805281976281504,0.40778872094873986,-1,1,0,1,3.6460520196973727,Anchovy
2015,2024,10,10,TRUE,NA,10,10,NA,1,0.17575757575757575,-1.866944464266468e-5,0.002173277396761644,0.7111623166704808,40192.170258820086,1.2567158237290548,3.4885761160380313,0,0.08536998771783426,9.146300122821657,0.9891336130161917,1,1,0.16666666666666666,0.5878787878787879,1,0.22473572305868977,1,0.8837103584588034,82.16513100102127,82.16513100102127,0,0.1,0.5,0.8577166871369429,1.4724920987783705,0.4110031604886518,-1,1,0,1,36.30508868486352,Anchovy
2016,2024,9,9,TRUE,NA,9,9,NA,1,0.11666666666666667,-1.9896274254515247e-5,0.00171725707242612,0.7755559380784471,41272.98414641633,1.22380625968518,3.4885761160380313,0,0.01328427454512434,8.880441529093881,0.9914137146378694,1,1,0.08333333333333333,0.5583333333333333,1,0.20574582350670578,1,0.8808618735260059,81.11614667899208,81.11614667899208,0,0.1111111111111111,0.44444444444444453,0.9778595424247928,1.5004387704141195,0.3998244918343522,-1,1,0,1,31.756498194163232,Anchovy
2017,2024,8,8,TRUE,NA,8,8,NA,1,0.02380952380952381,-2.1715406126443627e-5,0.027796878722661487,0.5814623188847966,36712.220033863174,0.6736008981696431,2.491637190569443,0,0.0029120155420322906,7.976703875663742,0.8610156063866926,0.6736008981696431,1,0,0.5119047619047619,1,0.14119313397598157,1,0.8711789700963972,68.72661180597473,68.72661180597473,0,0,1,0.9951466407632795,1.4886512849320972,0.40453948602716117,-0.9999999999999998,1,0,1,59.873178891343954,Anchovy
1971,2024,54,52,TRUE,NA,52,52,NA,1,-0.04490736788184069,-3.3004416811765886e-9,0.7629241506774007,0.0018363679050740888,1150587.5033191517,23.465073677081165,11.832168916626223,0.038461538461538464,0.14984667306349478,44.207973000698274,0,1,1,1,0.47754631605907966,1,1,0.8076923076923077,1,54.775463160590796,44.241720245092566,0.057692307692307696,0.038461538461538464,0.5747041420118344,0.12581156759509327,3.133111567778687,0,-1,1,0.019230769230769232,0.9358974358974359,25.181420068097147,Pelagic
1972,2024,53,51,TRUE,NA,51,51,NA,1,0.0057918552036199085,2.348150222212467e-9,0.776951463429978,0.001653294116662336,1073944.1431315537,25.139687859916517,6.146637362733089,0.0392156862745098,0.42201057442285006,29.477460704434648,0,1,1,1,0.5028959276018099,1,1,0.803921568627451,1,55.0289592760181,44.23896726111259,0.0392156862745098,0.0392156862745098,0.6462898885044214,0.3517000448779928,2.3738062288282573,0.05047750846869703,0.9999999999999999,1,0.9803921568627451,0,24.30251763592492,Pelagic
1973,2024,52,50,TRUE,NA,50,50,NA,1,-0.04220888355342137,1.324290395144649e-9,0.844467324867346,8.098911103072399e-4,1095200.5323178875,24.651759874671317,2.9125245209382857,0.04,0.4315099423202751,28.424502883986246,0,1,1,1,0.47889555822328933,1,1,0.8,1,54.78895558223289,43.831164465786316,0.04,0.04,0.6400000000000001,0.35317330436075867,1.8826193189015177,0.24695227243939288,1,1,0.98,0,23.84415346938776,Pelagic
1974,2024,51,49,TRUE,NA,49,49,NA,1,-0.08785714285714286,9.027287446463485e-10,0.8898090710371105,4.1268522699545746e-4,1117232.7749566217,24.165618072170346,2.8445660945802986,0.061224489795918366,0.41148172255993243,28.83739559456331,0,1,1,1,0.45607142857142857,1,1,0.6938775510204083,1,54.56071428571428,37.85845481049563,0.04081632653061224,0.04081632653061224,0.6334860474802165,0.38820698838704704,1.0301266104853466,0.5879493558058614,0.9999999999999997,1,0.9795918367346939,0,20.385382466367876,Pelagic
1975,2024,50,48,TRUE,NA,48,48,NA,1,-0.12635692574902302,6.312071660912997e-10,0.9221421333308384,2.099053707031039e-4,1139930.7640745242,23.684438904701498,2.8445660945802986,0.0625,0.3646675688452637,30.495956695427346,0,1,1,1,0.4368215371254885,1,1,0.6875,1,54.36821537125489,37.37814806773774,0.041666666666666664,0.041666666666666664,0.6267361111111113,0.4657380799113009,0.7620256290324913,0.6951897483870035,1,1,0.9791666666666666,0,19.912299886432862,Pelagic
1976,2024,49,47,TRUE,NA,47,47,NA,1,-0.16616558741905643,2.020637041578784e-10,0.9740119475049984,2.384670423302832e-5,1163552.031050233,23.203621167627166,2.5433005214863953,0.0425531914893617,0.4291695284148558,26.82903216450178,0,1,1,1,0.4169172062904718,1,1,0.7872340425531915,1,54.169172062904714,42.64381630483988,0.0425531914893617,0.0425531914893617,0.6197374377546402,0.36022316178056935,0.9026105767688201,0.638955769292472,1,1,0.8085106382978723,0,22.463774034914863,Pelagic
1977,2024,48,46,TRUE,NA,46,46,NA,1,-0.14128893000308354,3.0183936611523843e-10,0.9615389290338237,5.345269942159769e-5,1188371.0279403504,22.719016117471305,2.5433005214863953,0.043478260869565216,0.4099997125311506,27.140013223567074,0,1,1,1,0.42935553499845824,1,1,0.782608695652174,1,54.29355534998458,42.490608534770544,0.043478260869565216,0.043478260869565216,0.612476370510397,0.393996057602222,0.8927210065745291,0.6429115973701883,1,1,0.9565217391304348,0,22.120819641731206,Pelagic
1978,2024,47,45,TRUE,NA,45,45,NA,1,-0.0898550724637681,6.994821975365406e-10,0.9082079219709456,3.1272747845018735e-4,1214578.5718840826,22.228797018402748,2.5433005214863953,0.044444444444444446,0.5106865020014792,22.019107409933433,0,1,1,1,0.45507246376811594,1,1,0.7777777777777778,1,54.55072463768116,42.428341384863124,0.044444444444444446,0.044444444444444446,0.6049382716049383,0.23938614869335118,0.8530546842174974,0.658778126313001,1,1,0.9777777777777777,0,21.816548378759865,Pelagic
1979,2024,46,44,TRUE,NA,44,44,NA,1,-0.16490486257928116,4.1554779725151757e-10,0.9448384163072454,1.1534039396239576e-4,1242046.1181880292,21.735497782406355,2.5433005214863953,0.045454545454545456,0.5349820202692803,20.460791108151668,0,1,1,1,0.4175475687103594,1,1,0.7727272727272727,1,54.17547568710359,41.86286757639823,0.045454545454545456,0.045454545454545456,0.5971074380165289,0.19843771216718398,0.9499826281908398,0.6200069487236641,1,1,0.9772727272727273,0,21.247135165583106,Pelagic
1980,2024,45,43,TRUE,NA,43,43,NA,1,-0.1280579885231048,4.210387829915755e-10,0.9448201794643034,1.1826598818008582e-4,1270713.8299983363,21.245137976941415,2.5433005214863953,0.046511627906976744,0.5353823269048902,19.97855994308972,0,1,1,1,0.4359710057384476,1,0.9984685673635515,0.7674418604651163,0.9997702851045327,54.35971005738448,41.71791702078344,0.046511627906976744,0.046511627906976744,0.588967009194159,0.1978606867102609,0.9622361837196173,0.6151055265121531,1,1,0.9767441860465116,0,20.88010772107312,Pelagic
1981,2024,44,42,TRUE,NA,42,42,NA,1,-0.12746130783566972,2.8856650678513373e-10,0.962485781179408,5.599997552587247e-5,1300686.3879031646,20.75557251817123,2.5433005214863953,0.047619047619047616,0.5408196032838484,19.28557666207837,0,1,1,1,0.43626934608216517,1,0.9489697615770264,0.7619047619047619,0.9923454642365539,54.36269346082165,41.41919501776888,0.047619047619047616,0.047619047619047616,0.5804988662131518,0.18748347570502166,1.0141996646257783,0.5943201341496887,1,1,0.9047619047619048,0,20.28078890491378,Pelagic
1982,2024,43,41,TRUE,NA,41,41,NA,1,-0.08519163763066204,2.963798501220306e-10,0.9619862129628461,5.89957561086545e-5,1332211.9967715133,20.260796616659295,2.5433005214863953,0.04878048780487805,0.5414127191785301,18.802078513680268,0,1,1,1,0.45740418118466897,1,0.9144341795485905,0.7560975609756098,0.9871651269322885,54.57404181184668,41.26329990651823,0.04878048780487805,0.04878048780487805,0.571683521713266,0.18662391983437143,1.0304256991836505,0.5878297203265398,1,1,0.9024390243902439,0,19.793762784065866,Pelagic
1983,2024,42,40,TRUE,NA,40,40,NA,1,-0.05215759849906191,1.4620066827442063e-10,0.9814003208351427,1.4492271213664995e-5,1365193.527816751,19.766413937899365,2.5433005214863953,0.05,0.5733023353969182,17.06790658412327,0,1,1,1,0.47392120075046906,1,0.790564756008805,0.75,0.9685847134013208,54.73921200750469,41.054409005628514,0.05,0.05,0.5625,0.1320003212860319,1.0947188577604507,0.5621124568958197,1,1,0.675,0,19.012484268838524,Pelagic
1984,2024,41,39,TRUE,NA,39,39,NA,1,0.008704453441295546,5.13474734109748e-10,0.9335645533099857,1.9034877325308611e-4,1399694.7286413815,19.273758455399996,2.5433005214863953,0.05128205128205128,0.6280613197683224,14.505608529035428,0,1,1,1,0.5043522267206477,1,0.6075434663596734,0.7435897435897436,0.941131519953951,55.04352226720648,40.92979860894841,0.05128205128205128,0.05128205128205128,0.5529257067718607,0.05298611158695676,1.0579693568154644,0.5768122572738142,1,1,0.9743589743589743,0,18.10404556770638,Pelagic
1985,2024,40,38,TRUE,NA,38,38,NA,1,0.05416347521610679,4.2138379479012003e-10,0.9461411905901624,1.2852701378984703e-4,1435670.166105492,18.790791052175663,2.5433005214863953,0.05263157894736842,0.6445260339229152,13.508010710929224,0,1,1,1,0.5270817376080534,1,0.5362864793520874,0.736842105263158,0.9304429719028131,55.27081737608054,40.72586543500672,0.05263157894736842,0.05263157894736842,0.5429362880886428,0.0243137146439113,1.1129187843423696,0.5548324862630521,1,1,0.9736842105263158,0,17.487506015953024,Pelagic
1986,2024,39,37,TRUE,NA,37,37,NA,1,0.09625414888572784,7.435516644237267e-10,0.9042152095951087,4.196152926681201e-4,1473144.9466428082,18.31277918212335,2.5433005214863953,0.05405405405405406,0.6490305569197954,12.98586939396757,0,1,1,1,0.5481270744428639,1,0.4989906709976836,0.7297297297297297,0.9248486006496526,55.481270744428635,40.48633270539387,0.05405405405405406,0.05405405405405406,0.5325054784514244,0.027854141612573047,1.0788821857999282,0.5684471256800288,1,1,0.972972972972973,0,16.948141816596387,Pelagic
1987,2024,38,36,TRUE,NA,36,36,NA,1,0.15546975546975547,9.310199069325758e-10,0.8811369987261739,6.671243071401169e-4,1513175.1283635385,17.828325093015504,2.5433005214863953,0.05555555555555555,0.6425359778425326,12.868704797668826,0,1,1,1,0.5777348777348777,1,0.490621771262059,0.7222222222222223,0.9235932656893089,55.77734877734878,40.28364078364079,0.05555555555555555,0.05555555555555555,0.521604938271605,0.04407552015598726,1.06704639472944,0.573181442108224,1,1,0.9722222222222222,0,16.495675033767103,Pelagic
1988,2024,37,35,TRUE,NA,35,35,NA,1,0.21568627450980396,1.135049676481087e-9,0.8563566286333193,0.0010075576607257556,1555398.5684624638,17.34435061091653,2.5433005214863953,0.05714285714285714,0.6507942451085476,12.222201421200836,0,1,1,1,0.607843137254902,1,0.44444295865720257,0.7142857142857143,0.9166664437985804,56.07843137254902,40.056022408963585,0.05714285714285714,0.05714285714285714,0.5102040816326531,0.03650438278020973,1.053394055127414,0.5786423779490344,1,1,0.9714285714285714,0,15.923627485811101,Pelagic
1989,2024,36,34,TRUE,NA,34,34,NA,1,0.28372803666921315,1.1759253548443951e-9,0.8536121716931268,0.0010800568093512156,1600113.7461819658,16.859662743040236,2.5433005214863953,0.058823529411764705,0.6463969384459398,12.022504092838046,0,1,1,1,0.6418640183346066,1,0.43017886377414616,0.7058823529411765,0.914526829566122,56.41864018334607,39.824922482361934,0.058823529411764705,0.058823529411764705,0.4982698961937717,0.04474319889054146,1.0873235235093568,0.5650705905962573,0.9999999999999999,1,0.9705882352941176,0,15.425347805157617,Pelagic
1990,2024,35,33,TRUE,NA,33,33,NA,1,0.33455882352941174,1.4691120646130998e-9,0.8176759071424423,0.0017407526425165212,1647027.236870982,16.37943654312735,2.5433005214863953,0.06060606060606061,0.6879696715028386,10.297000840406326,0,1,1,1,0.6672794117647058,1,0.30692863145759475,0.696969696969697,0.8960392947186392,56.672794117647065,39.4992201426025,0.06060606060606061,0.06060606060606061,0.4857667584940313,0,1.0590480668379465,0.5763807732648214,1,1,0.9696969696969697,0,14.613770902346866,Pelagic
1991,2024,34,32,TRUE,NA,32,32,NA,1,0.38489736070381225,1.31055141910148e-9,0.8390796704567263,0.0013967105492306375,1696381.7531665443,15.902893355680945,2.5433005214863953,0.0625,0.7049820562861988,9.440574198841638,0,1,1,1,0.6924486803519061,1,0.24575529991725986,0.6875,0.886863294987589,56.92448680351906,39.13558467741935,0.03125,0.0625,0.580078125,0,1.3044060917052036,0.47823756331791856,1,1,0.96875,0,17.113306216479046,Pelagic
1992,2024,33,31,TRUE,NA,31,31,NA,1,0.39838709677419354,1.479106926944949e-9,0.8210681245843174,0.0017929695224117477,1749429.5312299703,15.420671498647712,2.5433005214863953,0.06451612903225806,0.6632693177692103,10.438651149154481,0,1,1,1,0.6991935483870968,1,0.3170465106538915,0.6774193548387097,0.8975569765980838,56.99193548387097,38.60744016649324,0.03225806451612903,0.06451612903225806,0.5681581685744017,0,1.4265125042824625,0.429394998287015,1,1,0.967741935483871,0,16.73482652551561,Pelagic
1993,2024,32,30,TRUE,NA,30,30,NA,1,0.33615127919911014,-2.163749548687638e-9,0.8224331897673043,0.0018293913075592514,907589.6132101961,27.272066030400733,2.5433005214863953,0.06666666666666667,0.6693417742588111,9.919746772235666,0,1,1,1,0.6680756395995551,1,0.27998191230254754,0.6666666666666667,0.8919972868453822,56.680756395995544,37.7871709306637,0.03333333333333333,0.03333333333333333,0.6944444444444445,0,1.643720327245416,0.3425118691018336,-1,1,0,1,23.406981908135222,Pelagic
1996,2024,29,29,TRUE,NA,29,29,NA,1,0.2926108374384236,-6.526268428655701e-7,0.570290635189345,0.01208237740561465,84434.33019444764,1.4806312066388714,2.5433005214863953,0.06896551724137931,0.6530897626023656,10.060396884531396,0,1,1,1,0.6463054187192118,1,0.29002834889509976,0.6551724137931034,0.8935042523342649,56.46305418719212,36.99303550195346,0.06896551724137931,0.034482758620689655,0.5422116527942925,0,1.832225605023386,0.2671097579906456,-1,1,0,1,17.92195736581809,Pelagic
1997,2024,28,28,TRUE,NA,28,28,NA,1,0.21455938697318008,-1.6973530471036956e-6,0.10776133691467633,0.09643286248078954,82198.39146428934,1.5209069419790593,2.2900240283605307,0.03571428571428571,0.50921058568881306,13.742103600713234,0.46119331542661834,1,1,1,0.60727969348659006,1,0.5530074000509453,0.8214285714285714,0.9329511100076417,72.21456297479753,59.31910530072654,0.03571428571428571,0.03571428571428571,0.6747448979591836,0.1513156905186449,1.290151122363658,0.4839395510545368,-1,1,0,1,37.341614153572344,Pelagic
1998,2024,27,27,TRUE,NA,27,27,NA,1,0.12393162393162391,-3.0325162619854362e-6,0.0013070865638427228,0.3438367842939921,79603.32948555486,1.3868678151291574,1.8774468296294762,0.037037037037037035,0.5126495098909513,13.158463232944316,0.9934645671807864,1,0.9087720503674657,1,0.561965811965812,1,0.5113188023531654,0.8148148148148149,0.9266978203529748,88.56635897833495,72.16518138975441,0.07407407407407407,0,0.6296296296296297,0.14558415018174786,1.4668707958899236,0.4132516816440306,-1,1,0,1,42.10668063286896,Pelagic
1999,2024,26,26,TRUE,NA,26,26,NA,1,0.05025641025641025,-3.531132554076333e-6,2.51466410369325e-4,0.43422663527505856,77588.92158837232,1.4228744694549618,1.8774468296294762,0.07692307692307693,0.5511289279098837,11.670647874343025,0.9987426679481534,1,0.9087720503674657,1,0.5251282051282051,1,0.4050462767387875,0.6153846153846154,0.9107569415108181,88.38271643681674,54.389363961117994,0.038461538461538464,0.038461538461538464,0.6523668639053255,0.0814517868168605,1.5053251547707942,0.39786993809168236,-1,1,0,1,32.315312766905954,Pelagic
2000,2024,25,25,TRUE,NA,25,25,NA,1,0.04923076923076923,-3.5410502537980593e-6,3.252412895206142e-4,0.4364144702169448,77339.5616043092,1.427462133874918,1.8774468296294762,0.08,0.5208975066502705,11.977562333743238,0.998373793552397,1,0.9087720503674657,1,0.5246153846153846,1,0.426968738124517,0.6000000000000001,0.9140453107186776,88.36467762783705,53.01880657670224,0.04,0,0.8,0.13183748891621583,1.5047457959455828,0.39810168162176685,-1,1,0,1,38.76927322506822,Pelagic
2001,2024,24,24,TRUE,NA,24,24,NA,1,0.055652173913043466,-3.5650430573754867e-6,1.0036367558378436e-4,0.5046913811601383,77250.62645237471,1.4291055064608371,1.739554593860651,0.041666666666666664,0.4615227642491985,12.923453658019234,0.999498181622081,1,0.7987179569434776,1,0.5278260869565218,1,0.494532404144231,0.7916666666666667,0.9241798606216346,86.23505636520761,68.26941962245603,0.041666666666666664,0,0.7916666666666667,0.23079539291800244,1.7077229396824627,0.3169108241270149,-1,1,0,1,49.9488013131927,Pelagic
2002,2024,23,23,TRUE,NA,23,23,NA,1,0.05434782608695652,-3.5837051107689596e-6,5.228756625141961e-5,0.5491833607260345,77150.55359761245,1.4309592153601134,1.739554593860651,0.043478260869565216,0.48924761862537736,11.74730477161632,0.9997385621687429,1,0.7987179569434776,1,0.5271739130434783,1,0.41052176940116575,0.782608695652174,0.9115782654101748,86.23694794521033,67.48978534842549,0.08695652173913043,0,0.5652173913043479,0.1845873022910377,1.8568206995571386,0.2572717201771446,-0.9999999999999998,1,0,1,34.77342952133459,Pelagic
2003,2024,22,22,TRUE,NA,22,22,NA,1,0.07622811970638058,-3.625421991052384e-6,6.64802141027062e-5,0.5569836363038794,76399.86839207016,1.4450194478619895,1.739554593860651,0.045454545454545456,0.45404722099949757,12.010961138011053,0.9996675989294864,1,0.7987179569434776,1,0.5381140598531903,1,0.4293543670007895,0.7727272727272727,0.9144031550501184,86.34386569993349,66.72025985903952,0.09090909090909091,0,0.5454545454545454,0.24325463166750405,1.8649807562091232,0.25400769751635077,-1,1,0,1,33.277754247747,Pelagic
2004,2024,21,21,TRUE,NA,21,21,NA,1,0.01818181818181818,-4.037937794873338e-6,3.404058466671747e-5,0.6039744721685244,73483.2784901112,1.2600539241629416,1.739554593860651,0.047619047619047616,0.45448546111850474,11.4558053165114,0.9998297970766664,1,0.7987179569434776,1,0.509090909090909,1,0.3897003797508143,0.7619047619047619,0.9084550569626222,86.05931112746197,65.56899895425673,0.047619047619047616,0,0.7619047619047619,0.2425242314691587,1.8535012758786815,0.2585994896485274,-1,1,0,1,45.38399137521631,Pelagic
2005,2024,20,20,TRUE,NA,20,20,NA,1,0.02556390977443609,-4.090077212317965e-6,5.539175134555183e-5,0.6040249300391242,72052.24756019362,1.285079876855601,1.739554593860651,0.05,0.4272055834768808,11.455888330462383,0.9997230412432723,1,0.7987179569434776,1,0.512781954887218,1,0.3897063093187416,0.75,0.9084559463978112,86.09248513125625,64.5693638484422,0.05,0,0.75,0.2879906942051986,1.8402007496474118,0.2639197001410353,-1,1,0,1,43.993816907430876,Pelagic
2006,2024,19,19,TRUE,NA,19,19,NA,1,0.0456140350877193,-4.391610725574005e-6,3.274946919392276e-5,0.6473724807839403,69874.66147693119,1.3251283292784473,1.739554593860651,0.05263157894736842,0.4224427158865841,10.973588398154902,0.9998362526540304,1,0.7987179569434776,0.9166666666666666,0.5228070175438596,1,0.3552563141539216,0.736842105263158,0.9032884471230882,85.36336482386588,62.89932144916434,0.05263157894736842,0,0.736842105263158,0.2959288068556931,1.854237555977574,0.2583049776089704,-1,1,0,1,41.864590818776975,Pelagic
2007,2024,18,18,TRUE,NA,18,18,NA,1,0.09391124871001032,-4.504768091444277e-6,6.154747448500154e-5,0.6438521074809146,67549.93250902025,1.3707325822932326,1.739554593860651,0.05555555555555555,0.42941708802143813,10.270492415614115,0.999692262627575,1,0.7987179569434776,0.8333333333333334,0.5469556243550051,1,0.3050351725438653,0.7222222222222223,0.8957552758815798,84.76647790771807,61.22023404446306,0.05555555555555555,0,0.7222222222222223,0.28430485329760313,1.8378064994519627,0.2648774002192149,-0.9999999999999999,1,0,1,39.60547329269042,Pelagic
2008,2024,17,17,TRUE,NA,17,17,NA,1,0.18872549019607845,-4.438779647139642e-6,1.9346776764222803e-4,0.6151951245378066,64972.151247195376,1.425116632963878,1.739554593860651,0.058823529411764705,0.44092947979504876,9.504198843484172,0.9990326611617889,1,0.7987179569434776,0.75,0.5943627450980392,1,0.2502999173917266,0.7058823529411765,0.887544987608759,84.38412973051256,59.56526804506769,0.058823529411764705,0,0.7058823529411765,0.26511753367491875,1.822884542844121,0.2708461828623516,-1,1,0,1,37.31778006280378,Pelagic
2009,2024,16,16,TRUE,NA,16,16,NA,1,0.2823529411764706,-4.5735319077037134e-6,4.503564725722463e-4,0.5969803742748382,61822.701286467774,1.4977167204774071,1.739554593860651,0.0625,0.424213592861629,9.212582514213935,0.9977482176371387,1,0.7987179569434776,0.6666666666666666,0.6411764705882352,1,0.22947017958670962,0.6875,0.8844205269380064,83.97397812871841,57.73210996349391,0.125,0.0625,0.2578125,0.29297734523061825,1.809195197362734,0.2763219210549064,-1,1,0,1,13.16376783437621,Pelagic
2010,2024,15,15,TRUE,NA,15,15,NA,1,0.4178571428571428,-4.816578384750357e-6,0.0010114857346413516,0.5774236684173534,58192.09643808109,1.5911592654226805,1.739554593860651,0.06666666666666667,0.3552892472211258,9.670661291683114,0.9949425713267932,1,0.7987179569434776,0.5833333333333334,0.7089285714285714,1,0.2621900922630796,0.6666666666666667,0.8893285138394619,83.71996818292635,55.81331212195091,0.13333333333333333,0.13333333333333333,0.11111111111111113,0.407851254631457,1.8003267279897488,0.27986930880410044,-1,1,0,1,5.515152213541404,Pelagic
2011,2024,14,14,TRUE,NA,14,14,NA,1,0.4153846153846154,-5.9408886727786974e-6,3.832271272348383e-4,0.6642713305924194,54059.98436541567,1.7127806178401017,1.739554593860651,0.07142857142857142,0.27014065054702935,10.218030892341588,0.9980838643638258,1,0.7987179569434776,0.5,0.7076923076923077,1,0.301287920881542,0.6428571428571429,0.8951931881322313,82.98421746852654,53.346996944052776,0.07142857142857142,0.07142857142857142,0.41326530612244905,0.5497655824216177,1.8318231682248103,0.26727073271007584,-1,1,0,1,19.735843520417284,Pelagic
2012,2024,13,13,TRUE,NA,13,13,NA,1,0.38461538461538464,-6.570421626781471e-6,0.0024862345575491474,0.5800303665395523,48999.84053857126,1.1939040623310462,1.6314206341813855,0.07692307692307693,0.23212001273328642,9.982439834467277,0.9875688272122543,1,0.7061288044950441,0.4166666666666667,0.6923076923076923,1,0.2844599881762341,0.6153846153846154,0.8926689982264351,79.77722863207336,49.093679158198995,0.07692307692307693,0.07692307692307693,0.37869822485207105,0.6131333121111893,1.8670191434679144,0.2531923426128342,-1,1,0,1,16.596224527677926,Pelagic
2013,2024,12,12,TRUE,NA,12,12,NA,1,0.27972027972027974,-6.053274917864798e-6,0.008992083936659673,0.510885820445009,46623.59461527709,1.2547532886579431,1.6314206341813855,0.08333333333333333,0.29059573011108636,8.512851238666963,0.9550395803167017,1,0.7061288044950441,0.3333333333333333,0.6398601398601399,1,0.17948937419049735,0.5833333333333334,0.8769234061285746,77.28089613292018,45.08052274420344,0.08333333333333333,0.08333333333333333,0.34027777777777785,0.5156737831481895,1.904776283785036,0.2380894864859856,-1,1,0,1,13.451917445765796,Pelagic
2014,2024,11,11,TRUE,NA,11,11,NA,1,0.08181818181818182,-5.683063159938611e-6,0.043341211853683025,0.3801698868539631,43066.64236528921,1.1728366452589205,1.6314206341813855,0.09090909090909091,0.3410442827848362,7.248512889366802,0.7832939407315849,1,0.7061288044950441,0.25,0.5409090909090909,1,0.08917949209762874,0.5454545454545454,0.8633769238146443,69.44695492459726,37.8801572315985,0.18181818181818182,0.09090909090909091,0.04958677685950415,0.431592862025273,1.9772204403415008,0.20911182386339966,-1,1,0,1,1.621728278887566,Pelagic
2015,2024,10,10,TRUE,NA,10,10,NA,1,-0.1515151515151515,-6.086388104253479e-6,0.07775177651223139,0.33833260752549627,40192.170258820086,1.2567158237290548,1.6314206341813855,0.1,0.3823778358034878,6.176221641965123,0.611241117438843,1,0.7061288044950441,0.16666666666666666,0.42424242424242425,1,0.012587260140365914,0.5,0.8518880890210548,61.42510610935131,30.712553054675656,0.2,0.1,0,0.362703606994187,1.7517776561438114,0.29928893754247543,-1,1,0.1,0.6666666666666666,0,Pelagic
2016,2024,9,9,TRUE,NA,9,9,NA,1,-0.08333333333333333,-7.575481830046194e-6,0.005831380147539628,0.6858142354718244,41272.98414641633,1.22380625968518,1.6314206341813855,0.2222222222222222,0.18360123993980404,7.347588840541763,0.9708430992623018,1,0.7061288044950441,0.08333333333333333,0.4583333333333333,1,0.0962563457529831,0,0.8644384518629474,73.51875123074811,0,0.1111111111111111,0.1111111111111111,0.19753086419753094,0.6939979334336599,1.0928062684451842,0.5628774926219263,-1,1,0,1,0,Pelagic
2017,2024,8,8,TRUE,NA,8,8,NA,1,-0.09523809523809525,-1.3954583356205581e-6,0.491733439457986,0.08199193793872135,36712.220033863174,0.6736008981696431,1.1495173325911296,0,-0.2701078883287294,5.839136893370165,0,0.6736008981696431,0.2010282193877573,0,0.4523809523809524,1,0,1,0.85,22.016391874957534,22.016391874957534,0.25,0,0,0.5498201861187844,0.7372496760990277,0.7051001295603889,-0.9999999999999998,1,0.125,0.5833333333333333,0,Pelagic
1971,2024,54,52,TRUE,NA,52,52,NA,1,-0.18517886109451037,2.3110746319827826e-9,0.8633232793802175,5.98456955708794e-4,1150587.5033191517,23.465073677081165,5.742538655160014,0,0.8059085184632482,10.092757039911096,0,1,1,1,0.4074105694527448,1,0.29233978856507825,1,0.8938509682847617,54.074105694527454,54.074105694527454,0.019230769230769232,0.038461538461538464,0.7300295857988166,0,1.952073326705181,0.2191706693179276,1,1,0.9807692307692307,0,29.992581475884077,Demersal
1972,2024,53,51,TRUE,NA,51,51,NA,1,-0.14678733031674204,-5.44546841786082e-10,0.9668894530760136,3.552462140769401e-5,1073944.1431315537,25.139687859916517,5.487953973390867,0,0.8896214501990521,5.62930603984834,0,1,1,1,0.42660633484162896,1,0,1,0.85,54.266063348416296,54.266063348416296,0,0.0392156862745098,0.803921568627451,0,1.9696579881642764,0.21213680473428942,-1,1,0.1568627450980392,0.4771241830065359,34.173432703398106,Demersal
1973,2024,52,50,TRUE,NA,50,50,NA,1,-0.14650660264105642,2.1713828927096894e-10,0.9863994423189868,6.117252145822612e-6,1095200.5323178875,24.651759874671317,5.127651923768429,0,0.897151132343688,5.142443382815598,0,1,1,1,0.4267466986794718,1,0,1,0.85,54.26746698679472,54.26746698679472,0,0.04,0.8,0,1.9889723691370642,0.20441105234517432,1,1,0.66,0,31.36659591836735,Demersal
1974,2024,51,49,TRUE,NA,49,49,NA,1,-0.11438775510204081,8.371164764688829e-10,0.9467308522834694,9.598833696450208e-5,1117232.7749566217,24.165618072170346,5.127651923768429,0,0.8805810059085591,5.851530710480602,0,1,1,1,0.4428061224489796,1,0,1,0.85,54.428061224489795,54.428061224489795,0,0.04081632653061224,0.7959183673469388,0,2.0100586832780936,0.19597652668876253,1,1,0.9795918367346939,0,31.298912145980836,Demersal
1975,2024,50,48,TRUE,NA,48,48,NA,1,-0.1445940078158923,1.5817625140777754e-9,0.8964491747104265,3.721840479948304e-4,1139930.7640745242,23.684438904701498,5.127651923768429,0.020833333333333332,0.8894203119626793,5.3078250257913915,0,1,1,1,0.42770299609205387,1,0,0.8958333333333334,0.85,54.277029960920544,48.62317267332465,0,0.041666666666666664,0.7916666666666667,0,2.033910089848536,0.1864359640605857,1,1,0.9791666666666666,0,27.81144178637767,Demersal
1976,2024,49,47,TRUE,NA,47,47,NA,1,-0.14118871415356152,2.1734760936320673e-9,0.8558713456509512,7.41032402203367e-4,1163552.031050233,23.203621167627166,5.127651923768429,0.02127659574468085,0.8635629730397939,6.412540267129686,0,1,1,1,0.42940564292321926,1,0.029467161937834736,0.8936170212765957,0.8544200742906752,54.2940564292322,48.51809297931388,0,0.0425531914893617,0.7872340425531915,0,2.064440803928007,0.17422367842879716,1,1,0.9787234042553191,0,27.739457138641853,Demersal
1977,2024,48,46,TRUE,NA,46,46,NA,1,-0.12204748689485043,2.9962224188354313e-9,0.794051902047562,0.0015652997559428422,1188371.0279403504,22.719016117471305,4.578928443006113,0.021739130434782608,0.8715105719665842,5.910513689537126,0,1,1,1,0.4389762565525748,1,0,0.8913043478260869,0.85,54.38976256552574,48.47783185188164,0,0.043478260869565216,0.782608695652174,0,2.096051874879322,0.16157925004827123,1,1,1,0,27.4110523145096,Demersal
1978,2024,47,45,TRUE,NA,45,45,NA,1,-0.07444005270092226,3.670398776192269e-9,0.7431054085066717,0.0025240628229916983,1214578.5718840826,22.228797018402748,4.578928443006113,0.044444444444444446,0.849420580591311,6.776073873391006,0,1,1,1,0.4627799736495389,1,0.05543384809935757,0.7777777777777778,0.8583150772149036,54.62779973649538,42.48828868394085,0,0.044444444444444446,0.7777777777777778,0,2.1363687983413837,0.14545248066344652,1,1,1,0,24.109623972865617,Demersal
1979,2024,46,44,TRUE,NA,44,44,NA,1,-0.02142353770260747,4.470660705789585e-9,0.6773862472264668,0.004161671090177254,1242046.1181880292,21.735497782406355,4.474649406688242,0.06818181818181818,0.8322835130764855,7.379525424634638,0,1,1,1,0.48928823114869624,1,0.09853753033104555,0.6590909090909092,0.8647806295496568,54.89288231148697,36.17939970529824,0,0.045454545454545456,0.7727272727272727,0,2.1780456449697003,0.1287817420121199,1,1,1,0,20.550030753568866,Demersal
1980,2024,45,43,TRUE,NA,43,43,NA,1,0.036544850498338874,5.285065904999477e-9,0.606244246645005,0.006537998870207149,1270713.8299983363,21.245137976941415,4.326501258540094,0.06976744186046512,0.8171005003528043,7.864678484829413,0,1,1,1,0.5182724252491694,1,0.13319132034495804,0.6511627906976745,0.8699786980517437,55.18272425249169,35.93293672255273,0,0.046511627906976744,0.7674418604651163,0,2.2263396979110697,0.10946412083557211,1,1,1,0,20.392277922630054,Demersal
1981,2024,44,42,TRUE,NA,42,42,NA,1,0.08824244388623288,6.073956942849481e-9,0.5346125595053524,0.009714073434140505,1300686.3879031646,20.75557251817123,4.326501258540094,0.047619047619047616,0.8207418000639702,7.52884439731325,0,1,1,1,0.5441212219431164,1,0.10920317123666072,0.7619047619047619,0.8663804756854991,55.441212219431165,42.240923595757074,0,0.047619047619047616,0.7619047619047619,0,2.2853553905982396,0.08585784376070416,1,1,1,0,23.70072743355719,Demersal
1982,2024,43,41,TRUE,NA,41,41,NA,1,0.14564459930313592,6.7103332876155476e-9,0.4807553103384832,0.012828705677873998,1332211.9967715133,20.260796616659295,4.326501258540094,0.07317073170731707,0.7966626258232526,8.336832341246641,0,1,1,1,0.572822299651568,1,0.16691659580333149,0.6341463414634148,0.8750374893704997,55.728222996515676,35.33984872949775,0,0.04878048780487805,0.7560975609756098,0,2.3913481597956627,0.04346073608173495,1,1,1,0,19.87412920876255,Demersal
1983,2024,42,40,TRUE,NA,40,40,NA,1,0.22795497185741084,7.420006200712829e-9,0.41730160618094236,0.017389184202990318,1365193.527816751,19.766413937899365,4.326501258540094,0.1,0.7743841963144744,9.024632147421023,0,1,1,1,0.6139774859287054,1,0.21604515338721594,0.5,0.8824067730080823,56.13977485928705,28.069887429643526,0,0.05,0.75,0,2.5521400722699696,0,1,1,1,0,15.790274975751073,Demersal
1984,2024,41,39,TRUE,NA,39,39,NA,1,0.2997975708502024,8.132395954989501e-9,0.3532662739650857,0.02332866636269582,1399694.7286413815,19.273758455399996,4.326501258540094,0.07692307692307693,0.7018337121300338,11.628485226928683,0,1,1,1,0.6498987854251013,1,0.4020346590663345,0.6153846153846154,0.9103051988599502,56.49898785425101,34.76860791030832,0.02564102564102564,0.05128205128205128,0.6482577251808022,0,2.7246119850978348,0,0.9999999999999998,1,1,0,17.43977799289585,Demersal
1985,2024,40,38,TRUE,NA,38,38,NA,1,0.32509027245869343,9.107814676015413e-9,0.24571474053862324,0.03724127090126605,1435670.166105492,18.790791052175663,4.0143833153541895,0.07894736842105263,0.6291084112186826,14.093880373690062,0,1,1,1,0.6625451362293467,1,0.578134312406433,0.605263157894737,0.9367201468609649,56.62545136229347,34.27329950875658,0.02631578947368421,0.05263157894736842,0.6398891966759004,0,2.5128428658928623,0,0.9999999999999998,1,1,0,17.46181894960025,Demersal
1986,2024,39,37,TRUE,NA,37,37,NA,1,0.32669511616880037,1.0042439743519622e-8,0.14496022434887332,0.05971158547036255,1473144.9466428082,18.31277918212335,3.504494786048184,0.05405405405405406,0.5428271252885022,16.915396364325417,0,1,1,1,0.6633475580844002,1,0.7796711688803869,0.7297297297297297,0.966950675332058,56.63347558084401,41.32713082926455,0.05405405405405406,0.05405405405405406,0.5325054784514244,0.09079474429273904,2.019758700328043,0.19209651986878273,1,1,1,0,18.087668171118597,Demersal
1987,2024,38,36,TRUE,NA,36,36,NA,1,0.3611325611325612,1.0884712855766082e-8,0.07231869447777836,0.09188427720408367,1513175.1283635385,17.828325093015504,2.6983099604458833,0.05555555555555555,0.49481336961834915,18.18671869373943,0,1,1,1,0.6805662805662807,1,0.8704799066956735,0.7222222222222223,0.980571986004351,56.805662805662806,41.026312026312034,0.05555555555555555,0.05555555555555555,0.521604938271605,0.1657112927228438,1.2289388285030445,0.5084244685987822,1,1,1,0,17.83621014644158,Demersal
1988,2024,37,35,TRUE,NA,35,35,NA,1,0.4263305322128852,1.1460518130280896e-8,0.04386170534272233,0.11745550277043697,1555398.5684624638,17.34435061091653,2.3941028407047824,0.02857142857142857,0.4809273344195829,18.167543295314598,0,1,1,1,0.7131652661064426,1,0.8691102353796142,0.8571428571428572,0.9803665353069422,57.13165266106442,48.96998799519808,0.05714285714285714,0.05714285714285714,0.5102040816326531,0.18488696947428473,1.387390389068122,0.44504384437275113,1,1,1,0,20.820029002624313,Demersal
1989,2024,36,34,TRUE,NA,34,34,NA,1,0.49732620320855614,1.1786447342932251e-8,0.03645858072686747,0.12965240475973175,1600113.7461819658,16.859662743040236,2.3941028407047824,0.029411764705882353,0.5202642319295844,16.311016114394132,0,1,1,1,0.7486631016042781,1,0.7365011510281523,0.8529411764705883,0.9604751726542229,57.48663101604278,49.03271469015414,0.058823529411764705,0.058823529411764705,0.4982698961937717,0.1174720192240939,1.4494056216441944,0.4202377513423222,1,1,1,0,19.94599275150962,Demersal
1990,2024,35,33,TRUE,NA,33,33,NA,1,0.5608288770053476,1.1716323709547917e-8,0.040603083447436315,0.12839149677911066,1647027.236870982,16.37943654312735,2.3941028407047824,0.030303030303030304,0.5227620164475324,15.74885345723143,0,1,1,1,0.7804144385026738,1,0.6963466755165307,0.8484848484848485,0.9544520013274796,57.80414438502673,49.045940690325715,0.06060606060606061,0.06060606060606061,0.4857667584940313,0.11347171473258255,1.426296579138034,0.42948136834478645,1,1,1,0,19.328754924981183,Demersal
1991,2024,34,32,TRUE,NA,32,32,NA,1,0.6224340175953079,1.173184778623175e-8,0.04396670427301525,0.1284721675900832,1696381.7531665443,15.902893355680945,2.3941028407047824,0.03125,0.5218999046681817,15.299203050618186,0,1,1,1,0.811217008797654,1,0.6642287893298704,0.84375,0.9496343183994805,58.112170087976544,49.03214351173021,0.0625,0.0625,0.47265625,0.1148614259072902,1.4124581193601915,0.4350167522559234,1,1,1,0,18.706890804552778,Demersal
1992,2024,33,31,TRUE,NA,31,31,NA,1,0.6987903225806452,1.1836634911214334e-8,0.04557207436350858,0.1308220025419119,1749429.5312299703,15.420671498647712,2.3941028407047824,0.03225806451612903,0.5280060143088692,14.631813556425055,0,1,1,1,0.8493951612903226,1,0.6165581111732182,0.8387096774193549,0.9424837166759827,58.49395161290323,49.05944328824142,0.06451612903225806,0.06451612903225806,0.45889698231009374,0.10233484196932907,1.4126616427284096,0.4349353429086362,1,1,1,0,18.035600165625794,Demersal
1993,2024,32,30,TRUE,NA,30,30,NA,1,0.6836484983314794,1.526014133102986e-8,0.07808142972798526,0.10671448901928977,907589.6132101961,27.272066030400733,2.3941028407047824,0.06666666666666667,0.5565238819085047,13.30428354274486,0,1,1,1,0.8418242491657397,1,0.52173453876749,0.6666666666666667,0.9282601808151235,58.4182424916574,38.94549499443827,0.03333333333333333,0.03333333333333333,0.6944444444444445,0.07415164414594111,1.4713017583899253,0.41147929664402993,1,1,0.9666666666666667,0,21.33945791086875,Demersal
1996,2024,29,29,TRUE,NA,29,29,NA,1,0.6497536945812806,-2.322075707477865e-6,0.014720902736928405,0.20099893339490407,84434.33019444764,1.4806312066388714,2.38173318950018,0.034482758620689655,0.49969864497977473,14.508739295586535,0.926395486315358,1,1,1,0.8248768472906403,1,0.6077670925418953,0.8275862068965517,0.9411650638812843,90.67261049394392,75.03940178809152,0,0.034482758620689655,0.8275862068965517,0.16716892503370873,1.624138945017217,0.3503444219931132,-1,1,0,1,58.44783176069174,Demersal
1997,2024,28,28,TRUE,NA,28,28,NA,1,0.6611932129173508,-2.466926362134666e-6,0.015280056379359938,0.2059506003136724,82198.39146428934,1.5209069419790593,2.38173318950018,0.03571428571428571,0.4864097707784322,14.380526418203896,0.9235997181032003,1,1,1,0.8305966064586754,1,0.5986090298717068,0.8214285714285714,0.939791354480756,90.63195619819876,74.44767830566327,0,0.03571428571428571,0.8214285714285714,0.1893170487026129,1.6010664589265762,0.3595734164293696,-1,1,0,1,57.47148364125065,Demersal
1998,2024,27,27,TRUE,NA,27,27,NA,1,0.6880341880341879,-2.828469402921617e-6,0.010367868386455089,0.23509902011391798,79603.32948555486,1.3868678151291574,2.38173318950018,0.037037037037037035,0.46017778748456495,14.575199737916746,0.9481606580677245,1,1,1,0.8440170940170939,1,0.6125142669940533,0.8148148148148149,0.9418771400491079,91.62579397254129,74.65805434799661,0,0,1,0.23303702085905842,1.5894190288816554,0.36423238844733785,-0.9999999999999999,1,0,1,70.31871471092192,Demersal
1999,2024,26,26,TRUE,NA,26,26,NA,1,0.7114529914529913,-3.1728468513445338e-6,0.006370953313126782,0.271263893042933,77588.92158837232,1.4228744694549618,2.38173318950018,0.038461538461538464,0.44988682268345626,14.302942610230136,0.9681452334343661,1,1,1,0.8557264957264956,1,0.5930673293021526,0.8076923076923077,0.9389600993953229,92.44234812746777,74.66497348757012,0,0.038461538461538464,0.8076923076923077,0.2501886288609062,1.59280581267187,0.362877674931252,-1,1,0,1,56.62523267199991,Demersal
2000,2024,25,25,TRUE,NA,25,25,NA,1,0.7476923076923078,-3.1977313901768753e-6,0.006808479671268997,0.2776047080062027,77339.5616043092,1.427462133874918,2.38173318950018,0.04,0.4466892744112822,13.832768139717944,0.9659576016436551,1,1,1,0.8738461538461539,1,0.5594834385512817,0.8,0.9339225157826923,92.54697759598946,74.03758207679157,0,0,1,0.25551787598119635,1.6160375157292606,0.35358499370829577,-1,1,0,1,69.14536491562475,Demersal
2001,2024,24,24,TRUE,NA,24,24,NA,1,0.7869565217391303,-3.2028616465718496e-6,0.007906664140564417,0.27950712769145153,77250.62645237471,1.4291055064608371,2.38173318950018,0.041666666666666664,0.4461254606715973,13.292988943881664,0.9604666792971779,1,1,1,0.8934782608695652,1,0.5209277817058331,0.7916666666666667,0.928139167255875,92.55111638409687,73.26963380407669,0,0,1,0.2564575655473378,1.6281151274732235,0.34875394901071055,-0.9999999999999998,1,0,1,68.00441690405866,Demersal
2002,2024,23,23,TRUE,NA,23,23,NA,1,0.8280632411067195,-3.2055673843806483e-6,0.009404936505176691,0.2801209792366875,77150.55359761245,1.4309592153601134,2.38173318950018,0.043478260869565216,0.4448633535563783,12.768142868203299,0.9529753174741166,1,1,1,0.9140316205533597,1,0.48343877630023563,0.782608695652174,0.9225158164450353,92.49445231712767,72.38696268296948,0,0,1,0.2585610774060362,1.6294232169402945,0.3482307132238822,-1,1,0,1,66.7781179794559,Demersal
2003,2024,22,22,TRUE,NA,22,22,NA,1,0.8577075098814227,-3.2284296075108932e-6,0.011070159098437322,0.2815318982875292,76399.86839207016,1.4450194478619895,2.38173318950018,0.045454545454545456,0.4380881325995675,12.362061082809513,0.9446492045078134,1,1,1,0.9288537549407114,1,0.45443293448639377,0.7727272727272727,0.918164940172959,92.35125970718059,71.36233704645772,0,0,1,0.26985311233405407,1.6207247619574339,0.35171009521702645,-1,1,0,1,65.5223959248634,Demersal
2004,2024,21,21,TRUE,NA,21,21,NA,1,0.8363636363636364,-3.571886343593305e-6,0.010022036485190467,0.30093592909564054,73483.2784901112,1.2600539241629416,2.38173318950018,0.047619047619047616,0.41746701156240196,12.23319275718956,0.9498898175740477,1,1,1,0.9181818181818182,1,0.44522805408496857,0.7619047619047619,0.9167842081127453,92.42796179690986,70.42130422621703,0,0,1,0.30422164739599666,1.6030672881282044,0.3587730847487183,-1,1,0,1,64.5611396292991,Demersal
2005,2024,20,20,TRUE,NA,20,20,NA,1,0.8345864661654135,-3.753031152565243e-6,0.009033468447946575,0.3222519850693476,72052.24756019362,1.285079876855601,2.38173318950018,0.05,0.38982005392150676,12.203598921569865,0.9548326577602672,1,1,1,0.9172932330827068,1,0.44311420868356183,0.75,0.9164671313025343,92.59207535243641,69.44405651432731,0,0,1,0.35029991013082207,1.621086959835691,0.35156521606572366,-1,1,0,1,63.643195259696625,Demersal
2006,2024,19,19,TRUE,NA,19,19,NA,1,0.8245614035087719,-4.089336474826557e-6,0.00700916616748189,0.3559349050785743,69874.66147693119,1.3251283292784473,2.38173318950018,0.05263157894736842,0.33986556454475614,12.542554273649634,0.9649541691625906,1,1,0.9166666666666666,0.9122807017543859,1,0.4673253052606881,0.736842105263158,0.9200987957891033,92.0628696049012,67.83579865624299,0,0,1,0.43355739242540636,1.6340167293058376,0.3463933082776649,-1,1,0,1,62.415636655001244,Demersal
2007,2024,18,18,TRUE,NA,18,18,NA,1,0.805985552115583,-4.562451896759496e-6,0.004188447026176198,0.41023417992037503,67549.93250902025,1.3707325822932326,2.38173318950018,0.05555555555555555,0.35217901306797345,11.66077776477648,0.979057764869119,1,1,0.8333333333333334,0.9029927760577915,1,0.4043412689126057,0.7222222222222223,0.9106511903368908,91.63028286433043,66.17742651312754,0.1111111111111111,0,0.44444444444444453,0.4130349782200442,1.6670734882586435,0.3331706046965426,-1,1,0,1,26.7842454344941,Demersal
2008,2024,17,17,TRUE,NA,17,17,NA,1,0.7818627450980393,-4.643851618590002e-6,0.006809506042233109,0.3958776951150537,64972.151247195376,1.425116632963878,2.38173318950018,0,0.33220523495395143,11.352511005782825,0.9659524697888344,1,1,0.75,0.8909313725490197,1,0.3823222146987732,1,0.9073483322048159,90.2176501680994,90.2176501680994,0.11764705882352941,0,0.41176470588235303,0.4463246084100809,1.6390050013527855,0.34439799945888583,-0.9999999999999999,1,0,1,33.70657887695516,Demersal
2009,2024,16,16,TRUE,NA,16,16,NA,1,0.75,-5.609891708888882e-6,0.0021143618110055396,0.5023454510023475,61822.701286467774,1.4977167204774071,2.38173318950018,0.0625,0.3646216021187638,10.166054366099779,0.9894281909449723,1,1,0.6666666666666666,0.875,1,0.29757531186426994,0.6875,0.8946362967796405,90.04665334974071,61.90707417794674,0.0625,0.0625,0.47265625,0.3922973298020602,1.6961269727624249,0.3215492108950301,-1,1,0,1,26.177742914177788,Demersal
2010,2024,15,15,TRUE,NA,15,15,NA,1,0.7142857142857142,-5.727869836772977e-6,0.005271161187695029,0.46256592237955846,58192.09643808109,1.5911592654226805,2.38173318950018,0.06666666666666667,0.3566866666056153,9.64970000091577,0.9736441940615248,1,1,0.5833333333333334,0.8571428571428571,1,0.2606928572082693,0.6666666666666667,0.8891039285812403,88.48230869691528,58.98820579794353,0.06666666666666667,0.13333333333333333,0.22222222222222227,0.4055222223239744,1.6680125545183426,0.3327949781926629,-1,1,0,1,11.65481011442451,Demersal
2011,2024,14,14,TRUE,NA,14,14,NA,1,0.6483516483516484,-6.128053081407704e-6,0.011361459736180905,0.4262581544016515,54059.98436541567,1.7127806178401017,2.38173318950018,0.07142857142857142,0.27280993005063914,10.180660979291051,0.9431927013190955,1,1,0.5,0.8241758241758241,1,0.29861864137793226,0.6428571428571429,0.8947927962066898,86.25350278792659,55.4486803636671,0.14285714285714285,0.07142857142857142,0.18367346938775517,0.5453167832489347,1.6409640086736788,0.3436143965305285,-1,1,0,1,9.112973831371226,Demersal
2012,2024,13,13,TRUE,NA,13,13,NA,1,0.5604395604395604,-1.103387125286649e-5,8.748260665801973e-5,0.7667934991146735,48999.84053857126,1.1939040623310462,2.38173318950018,0.07692307692307693,0.05648808872752912,12.265654846542121,0.9995625869667099,1,1,0.4166666666666667,0.7802197802197802,1,0.4475467747530087,0.6153846153846154,0.9171320162129513,86.95355501269933,53.50988000781497,0.07692307692307693,0.07692307692307693,0.37869822485207105,0.9058531854541181,1.707468946702513,0.31701242131899476,-1,1,0,1,18.58485174490147,Demersal
2013,2024,12,12,TRUE,NA,12,12,NA,1,0.5244755244755246,-1.1180103259568447e-5,3.1893992713360076e-4,0.7418138667548356,46623.59461527709,1.2547532886579431,2.38173318950018,0,0.05602602805437608,11.327687663347486,0.998405300364332,1,1,0.3333333333333333,0.7622377622377623,1,0.3805491188105347,1,0.9070823678215802,85.89989646846257,85.89989646846257,0,0.08333333333333333,0.5833333333333334,0.9066232865760399,1.6963883381012295,0.32144466475950817,-1,1,0,1,45.452330865807625,Demersal
2014,2024,11,11,TRUE,NA,11,11,NA,1,0.4,-9.746124648465424e-6,0.004328833547436136,0.613920663738924,43066.64236528921,1.1728366452589205,1.9673280266128075,0,0.24091321937115914,8.34995458691725,0.9783558322628193,1,0.9762375284918111,0.25,0.7,1,0.16785389906551781,1,0.8751780848598276,83.2672046990349,83.2672046990349,0,0.09090909090909091,0.5454545454545454,0.5984779677147347,1.7696987649848344,0.2921204940060662,-1,1,0,1,39.74925422189051,Demersal
2015,2024,10,10,TRUE,NA,10,10,NA,1,0.29696969696969694,-9.879171036284207e-6,0.015321450935094173,0.5410708633176895,40192.170258820086,1.2567158237290548,1.9673280266128075,0,0.24746008686535542,7.525399131346447,0.9233927453245292,1,0.9762375284918111,0.16666666666666666,0.6484848484848484,1,0.10895708081046049,1,0.866343562121569,79.99501180770989,79.99501180770989,0.1,0.1,0.25,0.5875665218910743,1.804393840812697,0.2782424636749212,-0.9999999999999998,1,0,1,17.32579087036209,Demersal
2016,2024,9,9,TRUE,NA,9,9,NA,1,0.26666666666666666,-1.11438071381526e-5,0.004394515728188802,0.7091947645496286,41272.98414641633,1.22380625968518,1.9673280266128075,0,0.16978239555810667,7.47195843997704,0.978027421359056,1,0.9762375284918111,0.08333333333333333,0.6333333333333333,1,0.10513988856978854,1,0.8657709832854683,80.92237698406984,80.92237698406984,0.1111111111111111,0.1111111111111111,0.19753086419753094,0.7170293407364889,1.4950615708686945,0.4019753716525222,-1,1,0,1,13.839060916799115,Demersal
2017,2024,8,8,TRUE,NA,8,8,NA,1,0.5714285714285715,-8.702761401481675e-6,0.1261557645420132,0.34444045989373007,36712.220033863174,0.6736008981696431,1.5958943716268312,0,0.004090896021137141,7.967272831830903,0.3692211772899341,0.6736008981696431,0.6743651662387156,0,0.7857142857142858,1,0.14051948798792166,1,0.8710779231981882,47.739205350457716,47.739205350457716,0.125,0,0.375,0.9931818399647714,0.7206791862298986,0.7117283255080405,-1,1,0,1,15.594212944428204,Demersal
