species,gear,year,catch,effort,cpue
ANC,AFN,1999,1.156,NA,0.10417374973031
ANC,AFN,2000,1.425,NA,0.141450036103846
ANC,AFN,2001,1.955,NA,0.191462873128009
ANC,AFN,2002,2.87,NA,0.258715554329512
ANC,AFN,2003,2.872,NA,0.349263696264612
ANC,AFN,2004,2.99,NA,0.499968968110645
ANC,AFN,2005,5.666,NA,0.590446929979013
ANC,AFN,2006,7.809,NA,0.566747871250665
ANC,AFN,2007,8.459,NA,0.430718591598736
ANC,AFN,2008,17.881,NA,0.517221317862286
ANC,AFN,2009,16.197,NA,0.558749840056461
ANC,AFN,2010,11.896,NA,0.663579882707686
ANC,AFN,2011,15.318,NA,0.468562571763614
ANC,AFN,2012,10.723,NA,0.349572909939483
ANC,AFN,2013,7.779,NA,0.197699187077656
ANC,AFN,2014,10.818,NA,0.186339460558635
ANC,AFN,2015,16.064,NA,0.180615593324951
ANC,AFN,2016,58.40272,96822,0.164763495325336
ANC,AFN,2017,55.67045,76939,0.148889224821927
ANC,AFN,2018,65.09796,70972,0.131663981852298
ANC,AFN,2019,59.85136,69528,NA
ANC,AFN,2020,48.9268,54416,NA
ANC,AFN,2021,54.75277,51421,NA
ANC,AFN,2022,62.89833,48509,NA
ANC,AFN,2023,52.97651,52355,NA
ANC,APS,1972,6.784,5903,0.148785278859576
ANC,APS,1973,10.093,7062,0.0612762146493858
ANC,APS,1974,3.108,4416,0.0175090707776475
ANC,APS,1975,3.071,6215,0.0131334878163824
ANC,APS,1976,3.854,5497,0.0087556727162283
ANC,APS,1977,2.011,1832,0.00437833845825327
ANC,APS,1978,2.492,2671,NA
ANC,APS,1979,7.54,4992,NA
ANC,APS,1980,4.49,3191,0.0175127555002076
ANC,APS,1981,5.185,3488,0.0175127555002076
ANC,APS,1982,13.553,7562,0.0308460888335409
ANC,APS,1983,32.667,16827,0.0133333333333333
ANC,APS,1984,79.158,29084,0.0133333333333333
ANC,APS,1985,79.752,37983,0.0266666666666667
ANC,APS,1986,39.689,21954,0.0266666666666667
ANC,APS,1987,22.003,14026,0.0266666666666667
ANC,APS,1988,53.232,28096,NA
ANC,APS,1989,86.894,47911,NA
ANC,APS,1990,114.942,65525,NA
ANC,APS,1991,106.017,50030,NA
ANC,APS,1992,117.248,18665,0.00256268079207157
ANC,APS,1993,110.298,23585,0.00791879320957361
ANC,APS,1994,110.054,34047,0.0165506163594968
ANC,APS,1995,109.81,90078,0.0266727025688588
ANC,APS,1996,108.494,97195,0.0391964723451869
ANC,APS,1997,105.113,104975,0.0552496003960077
ANC,APS,1998,107.037,79395,0.0762775545639038
ANC,APS,1999,93.674,53406,0.10417374973031
ANC,APS,2000,107.706,53683,0.141450036103846
ANC,APS,2001,105.87,45614,0.191462873128009
ANC,APS,2002,108.46,54845,0.258715554329512
ANC,APS,2003,116.606,73828,0.349263696264612
ANC,APS,2004,124.173,54770,0.499968968110645
ANC,APS,2005,115.799,63519,0.590446929979013
ANC,APS,2006,109.023,60607,0.566747871250665
ANC,APS,2007,101.268,53068,0.430718591598736
ANC,APS,2008,96.119,53458,0.517221317862286
ANC,APS,2009,90.191,52323,0.558749840056461
ANC,APS,2010,89.717,50707,0.663579882707686
ANC,APS,2011,88.272,50603,0.468562571763614
ANC,APS,2012,85.053,34682,0.349572909939483
ANC,APS,2013,74.529,28798,0.197699187077656
ANC,APS,2014,85.983,33097,0.186339460558635
ANC,APS,2015,63.181,28287,0.180615593324951
ANC,APS,2016,47.50778,32502,0.164763495325336
ANC,APS,2017,45.37421,22055,0.148889224821927
ANC,APS,2018,38.617,14922,0.131663981852298
ANC,APS,2019,41.407,16134,NA
ANC,APS,2020,36.07,12680,NA
ANC,APS,2021,42.646,11275,NA
ANC,APS,2022,52.507,11833,NA
ANC,APS,2023,52.76,13114,NA
ANC,GN,1980,0.919,67397,0.0175127555002076
ANC,GN,1982,0.003,64362,0.0308460888335409
ANC,GN,1983,1.085,76178,0.0133333333333333
ANC,GN,1985,2.429,83339,0.0266666666666667
ANC,GN,1986,0.041,90457,0.0266666666666667
ANC,GN,1987,15.241,87038,0.0266666666666667
ANC,GN,1988,5.761,100209,NA
ANC,GN,1989,3.271,67899,NA
ANC,GN,1990,2.444,77461,NA
ANC,GN,1991,2.982,38336,NA
ANC,GN,1992,2.632,43393,0.00256268079207157
ANC,GN,1993,2.445,57591,0.00791879320957361
ANC,GN,1994,1.793,40981,0.0165506163594968
ANC,GN,1995,2.114,62461,0.0266727025688588
ANC,GN,1996,1.628,59759,0.0391964723451869
ANC,GN,1997,1.573,56898,0.0552496003960077
ANC,GN,1998,1.289,51220,0.0762775545639038
ANC,GN,1999,0.404,43493,0.10417374973031
ANC,GN,2000,1.849,31211,0.141450036103846
ANC,GN,2002,0.081,44203,0.258715554329512
ANC,GN,2003,0.255,47441,0.349263696264612
ANC,GN,2004,1.131,58517,0.499968968110645
ANC,GN,2005,0.087,39774,0.590446929979013
ANC,GN,2006,0.161,34341,0.566747871250665
ANC,GN,2007,0.044,33840,0.430718591598736
ANC,GN,2008,0.926,34355,0.517221317862286
ANC,GN,2010,0.099,45635,0.663579882707686
ANC,GN,2013,0.031,26332,0.197699187077656
ANC,GN,2016,0.07125,87979,0.164763495325336
ANC,GN,2017,0.3895,110042,0.148889224821927
ANC,GN,2018,0.02256,83039,0.131663981852298
ANC,GN,2019,0.02852,89103,NA
ANC,GN,2020,0.38658,44328,NA
ANC,GN,2021,0.07912,51626,NA
ANC,GN,2022,0.05986,50458,NA
ANC,OBT,1975,0.062,749496,0.0131334878163824
ANC,OBT,1978,0.002,1028547,NA
ANC,OBT,1979,0.002,996266,NA
ANC,OBT,1982,0.015,944470,0.0308460888335409
ANC,OBT,1986,0.009,1069252,0.0266666666666667
ANC,OBT,1987,0.046,1086956,0.0266666666666667
ANC,OBT,1988,0.086,1002938,NA
ANC,OBT,1989,0.095,935008,NA
ANC,OBT,1990,0.266,948973,NA
ANC,OBT,1991,0.332,881969,NA
ANC,OBT,1992,0.246,770569,0.00256268079207157
ANC,OBT,1993,0.092,807763,0.00791879320957361
ANC,OBT,1994,0.145,902828,0.0165506163594968
ANC,OBT,1995,0.198,824970,0.0266727025688588
ANC,OBT,1996,0.094,777851,0.0391964723451869
ANC,OBT,1997,0.086,779825,0.0552496003960077
ANC,OBT,1998,0.046,929503,0.0762775545639038
ANC,OBT,1999,0.829,839174,0.10417374973031
ANC,OBT,2000,0.72,754455,0.141450036103846
ANC,OBT,2001,3.192,633853,0.191462873128009
ANC,OBT,2002,2.65,617551,0.258715554329512
ANC,OBT,2003,2.812,621338,0.349263696264612
ANC,OBT,2004,2.362,566735,0.499968968110645
ANC,OBT,2005,2.797,543798,0.590446929979013
ANC,OBT,2006,2.088,512571,0.566747871250665
ANC,OBT,2007,1.315,465597,0.430718591598736
ANC,OBT,2008,0.928,456816,0.517221317862286
ANC,OBT,2009,0.844,481122,0.558749840056461
ANC,OBT,2010,0.892,506886,0.663579882707686
ANC,OBT,2011,0.01,398799,0.468562571763614
ANC,OBT,2012,0.007,359652,0.349572909939483
ANC,OBT,2013,0.002,358999,0.197699187077656
ANC,OBT,2014,0.006,336472,0.186339460558635
ANC,OBT,2015,0.14,301616,0.180615593324951
ANC,OBT,2016,0.29709,341810,0.164763495325336
ANC,OBT,2017,0.19691,316463,0.148889224821927
ANC,OBT,2018,0.312,313218,0.131663981852298
ANC,OBT,2019,0.046,300588,NA
ANC,OBT,2020,0.007,256052,NA
ANC,OBT,2021,0.015,225432,NA
ANC,OBT,2022,0.017,196076,NA
ANC,OBT,2023,0.023,196388,NA
ANC,PS,1974,0.466,70240,0.0175090707776475
ANC,PS,1975,3.047,99659,0.0131334878163824
ANC,PS,1976,1.94,117427,0.0087556727162283
ANC,PS,1977,1.82,149221,0.00437833845825327
ANC,PS,1978,0.719,107135,NA
ANC,PS,1979,0.21,116429,NA
ANC,PS,1980,1.914,114208,0.0175127555002076
ANC,PS,1981,0.608,126414,0.0175127555002076
ANC,PS,1982,0.121,121609,0.0308460888335409
ANC,PS,1983,0.133,118691,0.0133333333333333
ANC,PS,1984,5.149,147566,0.0133333333333333
ANC,PS,1985,14.827,120500,0.0266666666666667
ANC,PS,1986,13.269,152897,0.0266666666666667
ANC,PS,1987,14.43,144495,0.0266666666666667
ANC,PS,1988,4.472,189314,NA
ANC,PS,1989,0.141,137030,NA
ANC,PS,1990,0.432,189054,NA
ANC,PS,1991,0.746,89859,NA
ANC,PS,1992,0.269,113717,0.00256268079207157
ANC,PS,1993,3.451,111605,0.00791879320957361
ANC,PS,1994,2.106,111443,0.0165506163594968
ANC,PS,1995,0.761,115262,0.0266727025688588
ANC,PS,1996,2.091,68458,0.0391964723451869
ANC,PS,1997,1.882,70856,0.0552496003960077
ANC,PS,1998,0.001,81504,0.0762775545639038
ANC,PS,1999,0.663,105324,0.10417374973031
ANC,PS,2000,0.832,77662,0.141450036103846
ANC,PS,2001,0.236,83718,0.191462873128009
ANC,PS,2002,1.884,95304,0.258715554329512
ANC,PS,2003,1.909,104994,0.349263696264612
ANC,PS,2004,2.706,107758,0.499968968110645
ANC,PS,2005,1.808,99309,0.590446929979013
ANC,PS,2006,1.685,93999,0.566747871250665
ANC,PS,2007,1.354,96076,0.430718591598736
ANC,PS,2008,0.737,95282,0.517221317862286
ANC,PS,2009,1.06,95940,0.558749840056461
ANC,PS,2010,0.931,97184,0.663579882707686
ANC,PS,2011,3.869,103252,0.468562571763614
ANC,PS,2012,0.987,101149,0.349572909939483
ANC,PS,2013,0.779,108670,0.197699187077656
ANC,PS,2014,0.839,111467,0.186339460558635
ANC,PS,2015,2.156,192586,0.180615593324951
ANC,PS,2016,1.156,125340,0.164763495325336
ANC,PS,2017,0.712,84992,0.148889224821927
ANC,PS,2018,0.292,84143,0.131663981852298
ANC,PS,2019,0.059,86225,NA
ANC,PS,2020,0.029,75184,NA
ANC,PS,2021,0.022,65725,NA
ANC,PS,2022,0.001,66670,NA
ANC,PS,2023,0.001,75226,NA
ANC,PT,1975,0.523,79254,0.0131334878163824
ANC,PT,1976,1.751,115950,0.0087556727162283
ANC,PT,1977,0.541,140004,0.00437833845825327
ANC,PT,1978,0.8,116462,NA
ANC,PT,1979,1.119,118947,NA
ANC,PT,1980,0.983,103254,0.0175127555002076
ANC,PT,1981,1.355,100313,0.0175127555002076
ANC,PT,1982,0.686,94328,0.0308460888335409
ANC,PT,1983,0.723,102851,0.0133333333333333
ANC,PT,1984,0.279,102430,0.0133333333333333
ANC,PT,1985,0.328,99033,0.0266666666666667
ANC,PT,1986,0.881,131382,0.0266666666666667
ANC,PT,1987,0.539,143219,0.0266666666666667
ANC,PT,1988,0.759,142183,NA
ANC,PT,1989,0.304,136626,NA
ANC,PT,1990,0.252,132979,NA
ANC,PT,1991,0.338,105148,NA
ANC,PT,1992,0.047,101656,0.00256268079207157
ANC,PT,1993,0.125,99602,0.00791879320957361
ANC,PT,1994,0.1035,99280,0.0165506163594968
ANC,PT,1995,0.082,130005,0.0266727025688588
ANC,PT,1996,0.062,117611,0.0391964723451869
ANC,PT,1997,0.062,109775,0.0552496003960077
ANC,PT,1998,4.334,95596,0.0762775545639038
ANC,PT,1999,0.132,92361,0.10417374973031
ANC,PT,2000,0.831,87121,0.141450036103846
ANC,PT,2001,5.523,141923,0.191462873128009
ANC,PT,2002,5.584,141476,0.258715554329512
ANC,PT,2003,6.921,150630,0.349263696264612
ANC,PT,2004,4.753,135802,0.499968968110645
ANC,PT,2005,4.971,127763,0.590446929979013
ANC,PT,2006,2.556,110453,0.566747871250665
ANC,PT,2007,2.175,103916,0.430718591598736
ANC,PT,2008,1.117,103748,0.517221317862286
ANC,PT,2009,1.702,111785,0.558749840056461
ANC,PT,2010,2.965,99935,0.663579882707686
ANC,PT,2011,1.994,87738,0.468562571763614
ANC,PT,2013,0.113,79373,0.197699187077656
ANC,PT,2014,0.008,74864,0.186339460558635
ANC,PT,2015,0.738,79237,0.180615593324951
ANC,PT,2016,1.043,57909,0.164763495325336
ANC,PT,2017,2.2,115778,0.148889224821927
ANC,PT,2018,2.615,121924,0.131663981852298
ANC,PT,2019,6.26,119135,NA
ANC,PT,2020,13.177,113581,NA
ANC,PT,2021,13.567,110570,NA
ANC,PT,2022,20.817,108445,NA
ANC,PT,2023,16.356,113504,NA
CMA,AFN,2008,0.068,NA,0.0826892585503024
CMA,AFN,2009,0.059,NA,0.07928064598878
CMA,AFN,2016,1.027,96822,0.05737178981233
CMA,AFN,2017,2.03801,76939,0.0770179596516472
CMA,AFN,2018,0.975,70972,0.0735829927231058
CMA,AFN,2019,1.5891,69528,NA
CMA,AFN,2020,0.53804,54416,NA
CMA,AFN,2021,0.95,51421,NA
CMA,AFN,2022,0.00179,48509,NA
CMA,AFN,2023,0.004,52355,NA
CMA,APS,1972,0.009,5903,0.739577458891649
CMA,APS,1973,0.008,7062,0.477102002891385
CMA,APS,1974,0.002,4416,0.385204468862688
CMA,APS,1978,0.004,2671,0.407140160053212
CMA,APS,1979,0.009,4992,0.494706501381996
CMA,APS,1982,0.021,7562,0.270376755338331
CMA,APS,1983,0.102,16827,0.2175887001287
CMA,APS,1984,0.157,29084,0.21
CMA,APS,1985,0.412,37983,0.23
CMA,APS,1986,0.287,21954,0.276666666666667
CMA,APS,1987,0.177,14026,0.3
CMA,APS,1988,0.054,28096,0.276666666666667
CMA,APS,1989,0.261,47911,0.2
CMA,APS,1990,0.811,65525,0.12377602556174
CMA,APS,1991,0.266,50030,0.0813280766852195
CMA,APS,1992,0.499,18665,0.0826561533704391
CMA,APS,1993,0.104,23585,0.0839842300556586
CMA,APS,1994,0.2335,34047,0.0853123067408782
CMA,APS,1995,0.363,90078,0.0866403834260977
CMA,APS,1998,0.071,79395,0.0906246134817564
CMA,APS,1999,0.04,53406,0.0919526901669759
CMA,APS,2000,0.041,53683,0.0932807668521954
CMA,APS,2003,0.913,73828,0.0972649969078541
CMA,APS,2004,0.162,54770,0.113351899653142
CMA,APS,2005,2.141,63519,0.103100932941922
CMA,APS,2006,1.091,60607,0.0949757661514829
CMA,APS,2007,0.274,53068,0.0725765566653169
CMA,APS,2008,0.192,53458,0.0826892585503024
CMA,APS,2010,1.177,50707,0.071284662053037
CMA,APS,2011,0.044,50603,0.0613439653932535
CMA,APS,2012,0.047,34682,0.0625813464636469
CMA,APS,2015,1.442,28287,0.0730240232539718
CMA,APS,2016,0.959,32502,0.05737178981233
CMA,APS,2017,1.814,22055,0.0770179596516472
CMA,APS,2018,0.725,14922,0.0735829927231058
CMA,APS,2019,1.323,16134,NA
CMA,APS,2020,1.24,12680,NA
CMA,APS,2021,0.892,11275,NA
CMA,APS,2022,0.112,11833,NA
CMA,APS,2023,0.207,13114,NA
CMA,GN,1972,1.239,47555,0.739577458891649
CMA,GN,1973,0.858,54786,0.477102002891385
CMA,GN,1974,0.985,41771,0.385204468862688
CMA,GN,1975,1.502,55246,0.306443975559916
CMA,GN,1976,1.435,55921,0.280168164990163
CMA,GN,1977,2.094,96343,0.288949528428328
CMA,GN,1978,10.17,110560,0.407140160053212
CMA,GN,1979,8.105,102559,0.494706501381996
CMA,GN,1980,5.424,67397,0.481569169112777
CMA,GN,1981,0.914,66189,0.372157145368035
CMA,GN,1982,1.156,64362,0.270376755338331
CMA,GN,1983,1.752,76178,0.2175887001287
CMA,GN,1984,0.768,103784,0.21
CMA,GN,1985,4.004,83339,0.23
CMA,GN,1986,2.763,90457,0.276666666666667
CMA,GN,1987,4.727,87038,0.3
CMA,GN,1988,3.776,100209,0.276666666666667
CMA,GN,1989,3.449,67899,0.2
CMA,GN,1990,2.123,77461,0.12377602556174
CMA,GN,1991,2.143,38336,0.0813280766852195
CMA,GN,1992,3.532,43393,0.0826561533704391
CMA,GN,1993,3.114,57591,0.0839842300556586
CMA,GN,1994,1.327,40981,0.0853123067408782
CMA,GN,1995,2.473,62461,0.0866403834260977
CMA,GN,1996,2.192,59759,0.0879684601113173
CMA,GN,1997,2.037,56898,0.0892965367965368
CMA,GN,1998,2.184,51220,0.0906246134817564
CMA,GN,1999,1.401,43493,0.0919526901669759
CMA,GN,2000,1.638,31211,0.0932807668521954
CMA,GN,2001,0.807,28483,0.094608843537415
CMA,GN,2002,1.057,44203,0.0959369202226346
CMA,GN,2003,0.456,47441,0.0972649969078541
CMA,GN,2004,1.681,58517,0.113351899653142
CMA,GN,2005,1.401,39774,0.103100932941922
CMA,GN,2006,3.347,34341,0.0949757661514829
CMA,GN,2007,1.952,33840,0.0725765566653169
CMA,GN,2008,2.442,34355,0.0826892585503024
CMA,GN,2009,1.321,36228,0.07928064598878
CMA,GN,2010,1.944,45635,0.071284662053037
CMA,GN,2011,1.307,34056,0.0613439653932535
CMA,GN,2012,2.945,26520,0.0625813464636469
CMA,GN,2013,3.823,26332,0.0719210604398412
CMA,GN,2014,1.278,34249,0.0628923494179213
CMA,GN,2015,1.228,36021,0.0730240232539718
CMA,GN,2016,3.14762,87979,0.05737178981233
CMA,GN,2017,5.64936,110042,0.0770179596516472
CMA,GN,2018,8.62239,83039,0.0735829927231058
CMA,GN,2019,8.49728,89103,NA
CMA,GN,2020,7.44144,44328,NA
CMA,GN,2021,11.79985,51626,NA
CMA,GN,2022,8.45275,50458,NA
CMA,GN,2023,15.08838,52119,NA
CMA,OBT,1972,0.422,681718,0.739577458891649
CMA,OBT,1973,0.529,971178,0.477102002891385
CMA,OBT,1974,1.035,718082,0.385204468862688
CMA,OBT,1975,0.386,749496,0.306443975559916
CMA,OBT,1976,0.597,856857,0.280168164990163
CMA,OBT,1977,0.854,1045733,0.288949528428328
CMA,OBT,1978,1.184,1028547,0.407140160053212
CMA,OBT,1979,1.818,996266,0.494706501381996
CMA,OBT,1980,0.95,849070,0.481569169112777
CMA,OBT,1981,0.518,853855,0.372157145368035
CMA,OBT,1982,0.257,944470,0.270376755338331
CMA,OBT,1983,0.205,959229,0.2175887001287
CMA,OBT,1984,0.178,892093,0.21
CMA,OBT,1985,0.118,920588,0.23
CMA,OBT,1986,0.384,1069252,0.276666666666667
CMA,OBT,1987,0.706,1086956,0.3
CMA,OBT,1988,1,1002938,0.276666666666667
CMA,OBT,1989,1.002,935008,0.2
CMA,OBT,1990,1.238,948973,0.12377602556174
CMA,OBT,1991,1.907,881969,0.0813280766852195
CMA,OBT,1992,1.063,770569,0.0826561533704391
CMA,OBT,1993,2.293,807763,0.0839842300556586
CMA,OBT,1994,2.3555,902828,0.0853123067408782
CMA,OBT,1995,2.418,824970,0.0866403834260977
CMA,OBT,1996,4.311,777851,0.0879684601113173
CMA,OBT,1997,3.845,779825,0.0892965367965368
CMA,OBT,1998,4.361,929503,0.0906246134817564
CMA,OBT,1999,3.704,839174,0.0919526901669759
CMA,OBT,2000,3.095,754455,0.0932807668521954
CMA,OBT,2001,1.508,633853,0.094608843537415
CMA,OBT,2002,1.453,617551,0.0959369202226346
CMA,OBT,2003,2.065,621338,0.0972649969078541
CMA,OBT,2004,2.07,566735,0.113351899653142
CMA,OBT,2005,1.327,543798,0.103100932941922
CMA,OBT,2006,1.315,512571,0.0949757661514829
CMA,OBT,2007,1.174,465597,0.0725765566653169
CMA,OBT,2008,1.69,456816,0.0826892585503024
CMA,OBT,2009,1.816,481122,0.07928064598878
CMA,OBT,2010,1.688,506886,0.071284662053037
CMA,OBT,2011,1.855,398799,0.0613439653932535
CMA,OBT,2012,1.838,359652,0.0625813464636469
CMA,OBT,2013,0.899,358999,0.0719210604398412
CMA,OBT,2014,0.811,336472,0.0628923494179213
CMA,OBT,2015,0.735,301616,0.0730240232539718
CMA,OBT,2016,0.36024,341810,0.05737178981233
CMA,OBT,2017,0.92403,316463,0.0770179596516472
CMA,OBT,2018,0.711,313218,0.0735829927231058
CMA,OBT,2019,0.211,300588,NA
CMA,OBT,2020,0.131,256052,NA
CMA,OBT,2021,0.082,225432,NA
CMA,OBT,2023,0.002,196388,NA
CMA,PS,1971,5.17,58514,1.00204847271739
CMA,PS,1972,5.211,42928,0.739577458891649
CMA,PS,1973,8.469,51217,0.477102002891385
CMA,PS,1974,7.001,70240,0.385204468862688
CMA,PS,1975,12.907,99659,0.306443975559916
CMA,PS,1976,16.325,117427,0.280168164990163
CMA,PS,1977,26.088,149221,0.288949528428328
CMA,PS,1978,12.15,107135,0.407140160053212
CMA,PS,1979,13.346,116429,0.494706501381996
CMA,PS,1980,16.738,114208,0.481569169112777
CMA,PS,1981,13.984,126414,0.372157145368035
CMA,PS,1982,15.418,121609,0.270376755338331
CMA,PS,1983,47.97,118691,0.2175887001287
CMA,PS,1984,27.595,147566,0.21
CMA,PS,1985,29.457,120500,0.23
CMA,PS,1986,33.458,152897,0.276666666666667
CMA,PS,1987,28.905,144495,0.3
CMA,PS,1988,11.533,189314,0.276666666666667
CMA,PS,1989,20.476,137030,0.2
CMA,PS,1990,15.605,189054,0.12377602556174
CMA,PS,1991,13.13,89859,0.0813280766852195
CMA,PS,1992,25.042,113717,0.0826561533704391
CMA,PS,1993,26.515,111605,0.0839842300556586
CMA,PS,1994,30.1615,111443,0.0853123067408782
CMA,PS,1995,33.808,115262,0.0866403834260977
CMA,PS,1996,10.243,68458,0.0879684601113173
CMA,PS,1997,9.374,70856,0.0892965367965368
CMA,PS,1998,8.389,81504,0.0906246134817564
CMA,PS,1999,15.882,105324,0.0919526901669759
CMA,PS,2000,10.836,77662,0.0932807668521954
CMA,PS,2001,5.302,83718,0.094608843537415
CMA,PS,2002,5.281,95304,0.0959369202226346
CMA,PS,2003,4.528,104994,0.0972649969078541
CMA,PS,2004,6.785,107758,0.113351899653142
CMA,PS,2005,5.309,99309,0.103100932941922
CMA,PS,2006,5.08,93999,0.0949757661514829
CMA,PS,2007,5.249,96076,0.0725765566653169
CMA,PS,2008,8.888,95282,0.0826892585503024
CMA,PS,2009,7.304,95940,0.07928064598878
CMA,PS,2010,11.067,97184,0.071284662053037
CMA,PS,2011,21.835,103252,0.0613439653932535
CMA,PS,2012,18.028,101149,0.0625813464636469
CMA,PS,2013,21.835,108670,0.0719210604398412
CMA,PS,2014,23.081,111467,0.0628923494179213
CMA,PS,2015,21.933,192586,0.0730240232539718
CMA,PS,2016,20.49,125340,0.05737178981233
CMA,PS,2017,15.872,84992,0.0770179596516472
CMA,PS,2018,22.03,84143,0.0735829927231058
CMA,PS,2019,22.496,86225,NA
CMA,PS,2020,18.383,75184,NA
CMA,PS,2021,16.084,65725,NA
CMA,PS,2022,9.485,66670,NA
CMA,PS,2023,12.042,75226,NA
CMA,PT,1972,1.518,104152,0.739577458891649
CMA,PT,1973,1.998,114484,0.477102002891385
CMA,PT,1974,2.005,101185,0.385204468862688
CMA,PT,1975,0.48,79254,0.306443975559916
CMA,PT,1976,0.431,115950,0.280168164990163
CMA,PT,1977,0.696,140004,0.288949528428328
CMA,PT,1978,1.799,116462,0.407140160053212
CMA,PT,1979,1.103,118947,0.494706501381996
CMA,PT,1980,1.153,103254,0.481569169112777
CMA,PT,1981,1.341,100313,0.372157145368035
CMA,PT,1982,0.853,94328,0.270376755338331
CMA,PT,1983,1.062,102851,0.2175887001287
CMA,PT,1984,0.953,102430,0.21
CMA,PT,1985,1.246,99033,0.23
CMA,PT,1986,1.628,131382,0.276666666666667
CMA,PT,1987,1.691,143219,0.3
CMA,PT,1988,3.039,142183,0.276666666666667
CMA,PT,1989,2.278,136626,0.2
CMA,PT,1990,1.739,132979,0.12377602556174
CMA,PT,1991,0.279,105148,0.0813280766852195
CMA,PT,1992,0.864,101656,0.0826561533704391
CMA,PT,1993,0.793,99602,0.0839842300556586
CMA,PT,1994,2.33,99280,0.0853123067408782
CMA,PT,1995,3.867,130005,0.0866403834260977
CMA,PT,1996,2.055,117611,0.0879684601113173
CMA,PT,1997,1.912,109775,0.0892965367965368
CMA,PT,1998,2.582,95596,0.0906246134817564
CMA,PT,1999,2.715,92361,0.0919526901669759
CMA,PT,2000,2.049,87121,0.0932807668521954
CMA,PT,2001,3.848,141923,0.094608843537415
CMA,PT,2002,3.809,141476,0.0959369202226346
CMA,PT,2003,3.278,150630,0.0972649969078541
CMA,PT,2004,3.057,135802,0.113351899653142
CMA,PT,2005,1.694,127763,0.103100932941922
CMA,PT,2006,1.665,110453,0.0949757661514829
CMA,PT,2007,1.137,103916,0.0725765566653169
CMA,PT,2008,1.252,103748,0.0826892585503024
CMA,PT,2009,1.247,111785,0.07928064598878
CMA,PT,2010,1.515,99935,0.071284662053037
CMA,PT,2011,3.098,87738,0.0613439653932535
CMA,PT,2012,1.416,68417,0.0625813464636469
CMA,PT,2013,1.835,79373,0.0719210604398412
CMA,PT,2014,1.639,74864,0.0628923494179213
CMA,PT,2015,1.636,79237,0.0730240232539718
CMA,PT,2016,2.636,57909,0.05737178981233
CMA,PT,2017,4.236,115778,0.0770179596516472
CMA,PT,2018,6.048,121924,0.0735829927231058
CMA,PT,2019,5.899,119135,NA
CMA,PT,2020,1.917,113581,NA
CMA,PT,2021,2.588,110570,NA
CMA,PT,2022,0.749,108445,NA
CMA,PT,2023,0.586,113504,NA
DMF,AFN,2016,0.524,96822,0.0250899675464506
DMF,AFN,2017,0.15729,76939,0.0457477459781213
DMF,AFN,2018,0.245,70972,0.0418701443747154
DMF,AFN,2019,0.122,69528,NA
DMF,AFN,2020,0.06126,54416,NA
DMF,AFN,2021,0.075,51421,NA
DMF,AFN,2022,0.013,48509,NA
DMF,AFN,2023,0.017,52355,NA
DMF,APS,2017,0.162,22055,0.0457477459781213
DMF,APS,2018,0.079,14922,0.0418701443747154
DMF,APS,2019,0.087,16134,NA
DMF,APS,2020,0.13,12680,NA
DMF,APS,2021,0.057,11275,NA
DMF,APS,2022,0.031,11833,NA
DMF,APS,2023,0.038,13114,NA
DMF,GN,1975,0.003,55246,0.192622932071284
DMF,GN,1976,0.468,55921,0.188237980996068
DMF,GN,1980,0.06,67397,1.31773204878937
DMF,GN,1981,0.077,66189,0.262706703596621
DMF,GN,1983,0.293,76178,0.114645423423423
DMF,GN,1985,0.355,83339,0.07
DMF,GN,1986,0.407,90457,0.08
DMF,GN,1987,0.384,87038,0.0766666666666667
DMF,GN,1988,0.732,100209,0.0766666666666667
DMF,GN,1989,0.724,67899,0.0566666666666667
DMF,GN,1990,0.452,77461,0.069388833099239
DMF,GN,1991,0.802,38336,0.0660554997659057
DMF,GN,1992,0.515,43393,0.0721014937812299
DMF,GN,1993,0.413,57591,0.0711850273595242
DMF,GN,1994,0.397,40981,0.0654171000325999
DMF,GN,1995,0.432,62461,0.0626962180192272
DMF,GN,1996,0.276,59759,0.0599753360058544
DMF,GN,1997,0.332,56898,0.0572544539924816
DMF,GN,1998,0.271,51220,0.0545335719791088
DMF,GN,1999,0.236,43493,0.0518126899657361
DMF,GN,2000,0.793,31211,0.0490918079523633
DMF,GN,2001,0.561,28483,0.0463709259389905
DMF,GN,2002,0.331,44203,0.0436500439256177
DMF,GN,2003,0.585,47441,0.0404513658709182
DMF,GN,2004,0.557,58517,0.0317906792922867
DMF,GN,2005,0.038,39774,0.0262336468269147
DMF,GN,2006,0.128,34341,0.0601134248824251
DMF,GN,2007,0.627,33840,0.0660178952687964
DMF,GN,2008,0.515,34355,0.0670371369213148
DMF,GN,2009,0.734,36228,0.0260505767590223
DMF,GN,2010,0.78,45635,0.0193946631822345
DMF,GN,2011,0.502,34056,0.0129272027583393
DMF,GN,2012,1.245,26520,0.0109936958947411
DMF,GN,2013,1.262,26332,0.0136845345663397
DMF,GN,2014,1.986,34249,0.0202948783941116
DMF,GN,2015,2.225,36021,0.0275598840003975
DMF,GN,2016,7.11625,87979,0.0250899675464506
DMF,GN,2017,7.91127,110042,0.0457477459781213
DMF,GN,2018,9.1616,83039,0.0418701443747154
DMF,GN,2019,8.63336,89103,NA
DMF,GN,2020,11.0384,44328,NA
DMF,GN,2021,8.42711,51626,NA
DMF,GN,2022,8.6892,50458,NA
DMF,GN,2023,8.2265,52119,NA
DMF,OBT,1971,22.649,478346,1.18146790416513
DMF,OBT,1972,33.832,681718,1.21220285425707
DMF,OBT,1973,32.518,971178,0.647793121468719
DMF,OBT,1974,20.468,718082,0.446470120255388
DMF,OBT,1975,35.585,749496,0.192622932071284
DMF,OBT,1976,32.319,856857,0.188237980996068
DMF,OBT,1977,33.396,1045733,0.253926596568066
DMF,OBT,1978,26.657,1028547,1.31772397035186
DMF,OBT,1979,27.917,996266,1.27395312322892
DMF,OBT,1980,26.857,849070,1.31773204878937
DMF,OBT,1981,26.559,853855,0.262706703596621
DMF,OBT,1982,23.216,944470,0.263106311758832
DMF,OBT,1983,23.669,959229,0.114645423423423
DMF,OBT,1984,25.388,892093,0.0666666666666667
DMF,OBT,1985,26.263,920588,0.07
DMF,OBT,1986,37.128,1069252,0.08
DMF,OBT,1987,55.52,1086956,0.0766666666666667
DMF,OBT,1988,51.61,1002938,0.0766666666666667
DMF,OBT,1989,47.879,935008,0.0566666666666667
DMF,OBT,1990,44.031,948973,0.069388833099239
DMF,OBT,1991,58.145,881969,0.0660554997659057
DMF,OBT,1992,47.967,770569,0.0721014937812299
DMF,OBT,1993,64.996,807763,0.0711850273595242
DMF,OBT,1994,63.9315,902828,0.0654171000325999
DMF,OBT,1995,62.867,824970,0.0626962180192272
DMF,OBT,1996,51.832,777851,0.0599753360058544
DMF,OBT,1997,46.852,779825,0.0572544539924816
DMF,OBT,1998,48.456,929503,0.0545335719791088
DMF,OBT,1999,43.216,839174,0.0518126899657361
DMF,OBT,2000,41.82,754455,0.0490918079523633
DMF,OBT,2001,37.909,633853,0.0463709259389905
DMF,OBT,2002,34.351,617551,0.0436500439256177
DMF,OBT,2003,40.77,621338,0.0404513658709182
DMF,OBT,2004,37.236,566735,0.0317906792922867
DMF,OBT,2005,39.979,543798,0.0262336468269147
DMF,OBT,2006,36.53,512571,0.0601134248824251
DMF,OBT,2007,30.621,465597,0.0660178952687964
DMF,OBT,2008,33.918,456816,0.0670371369213148
DMF,OBT,2009,38.398,481122,0.0260505767590223
DMF,OBT,2010,41.298,506886,0.0193946631822345
DMF,OBT,2011,55.498,398799,0.0129272027583393
DMF,OBT,2012,45.102,359652,0.0109936958947411
DMF,OBT,2013,55.019,358999,0.0136845345663397
DMF,OBT,2014,47.222,336472,0.0202948783941116
DMF,OBT,2015,42.07,301616,0.0275598840003975
DMF,OBT,2016,24.21988,341810,0.0250899675464506
DMF,OBT,2017,23.82889,316463,0.0457477459781213
DMF,OBT,2018,25.951,313218,0.0418701443747154
DMF,OBT,2019,27.538,300588,NA
DMF,OBT,2020,21.467,256052,NA
DMF,OBT,2021,19.833,225432,NA
DMF,OBT,2022,19.701,196076,NA
DMF,OBT,2023,19.161,196388,NA
DMF,PS,1976,0.278,117427,0.188237980996068
DMF,PS,1978,0.977,107135,1.31772397035186
DMF,PS,1979,1.74,116429,1.27395312322892
DMF,PS,1980,4.219,114208,1.31773204878937
DMF,PS,1981,4.824,126414,0.262706703596621
DMF,PS,1982,0.007,121609,0.263106311758832
DMF,PS,1983,0.003,118691,0.114645423423423
DMF,PS,1984,0.046,147566,0.0666666666666667
DMF,PS,1985,0.199,120500,0.07
DMF,PS,1986,0.007,152897,0.08
DMF,PS,1987,0.024,144495,0.0766666666666667
DMF,PS,1988,0.101,189314,0.0766666666666667
DMF,PS,1989,0.076,137030,0.0566666666666667
DMF,PS,1990,0.154,189054,0.069388833099239
DMF,PS,1991,0.063,89859,0.0660554997659057
DMF,PS,1998,0.28,81504,0.0545335719791088
DMF,PS,2008,0.737,95282,0.0670371369213148
DMF,PS,2009,0.382,95940,0.0260505767590223
DMF,PS,2010,3.424,97184,0.0193946631822345
DMF,PS,2011,4.126,103252,0.0129272027583393
DMF,PS,2012,1.14,101149,0.0109936958947411
DMF,PS,2013,1.16,108670,0.0136845345663397
DMF,PS,2014,1.244,111467,0.0202948783941116
DMF,PS,2015,6.692,192586,0.0275598840003975
DMF,PS,2016,3.731,125340,0.0250899675464506
DMF,PS,2017,3.089,84992,0.0457477459781213
DMF,PS,2018,2.802,84143,0.0418701443747154
DMF,PS,2019,3.449,86225,NA
DMF,PS,2020,2.237,75184,NA
DMF,PS,2021,2.995,65725,NA
DMF,PS,2022,1.68,66670,NA
DMF,PS,2023,2.437,75226,NA
DMF,PT,1971,14.234,74615,1.18146790416513
DMF,PT,1972,17.666,104152,1.21220285425707
DMF,PT,1973,10.955,114484,0.647793121468719
DMF,PT,1974,8.192,101185,0.446470120255388
DMF,PT,1975,7.862,79254,0.192622932071284
DMF,PT,1976,9.102,115950,0.188237980996068
DMF,PT,1977,13.452,140004,0.253926596568066
DMF,PT,1978,10.066,116462,1.31772397035186
DMF,PT,1979,8.918,118947,1.27395312322892
DMF,PT,1980,8.373,103254,1.31773204878937
DMF,PT,1981,8.684,100313,0.262706703596621
DMF,PT,1982,9.243,94328,0.263106311758832
DMF,PT,1983,8.845,102851,0.114645423423423
DMF,PT,1984,7.403,102430,0.0666666666666667
DMF,PT,1985,7.15,99033,0.07
DMF,PT,1986,10.262,131382,0.08
DMF,PT,1987,10.722,143219,0.0766666666666667
DMF,PT,1988,11.04,142183,0.0766666666666667
DMF,PT,1989,11.163,136626,0.0566666666666667
DMF,PT,1990,9.403,132979,0.069388833099239
DMF,PT,1991,7.59,105148,0.0660554997659057
DMF,PT,1992,7.349,101656,0.0721014937812299
DMF,PT,1993,8.863,99602,0.0711850273595242
DMF,PT,1994,11.169,99280,0.0654171000325999
DMF,PT,1995,13.475,130005,0.0626962180192272
DMF,PT,1996,10.115,117611,0.0599753360058544
DMF,PT,1997,9.474,109775,0.0572544539924816
DMF,PT,1998,14.107,95596,0.0545335719791088
DMF,PT,1999,14.528,92361,0.0518126899657361
DMF,PT,2000,12.444,87121,0.0490918079523633
DMF,PT,2001,21.043,141923,0.0463709259389905
DMF,PT,2002,21.956,141476,0.0436500439256177
DMF,PT,2003,21.255,150630,0.0404513658709182
DMF,PT,2004,17.268,135802,0.0317906792922867
DMF,PT,2005,17.983,127763,0.0262336468269147
DMF,PT,2006,18.234,110453,0.0601134248824251
DMF,PT,2007,15.906,103916,0.0660178952687964
DMF,PT,2008,21.165,103748,0.0670371369213148
DMF,PT,2009,19.47,111785,0.0260505767590223
DMF,PT,2010,22.022,99935,0.0193946631822345
DMF,PT,2011,24.304,87738,0.0129272027583393
DMF,PT,2012,18.769,68417,0.0109936958947411
DMF,PT,2013,21.558,79373,0.0136845345663397
DMF,PT,2014,17.628,74864,0.0202948783941116
DMF,PT,2015,12.662,79237,0.0275598840003975
DMF,PT,2016,17.752,57909,0.0250899675464506
DMF,PT,2017,20.088,115778,0.0457477459781213
DMF,PT,2018,24.33,121924,0.0418701443747154
DMF,PT,2019,21.865,119135,NA
DMF,PT,2020,17.75,113581,NA
DMF,PT,2021,20.817,110570,NA
DMF,PT,2022,13.262,108445,NA
DMF,PT,2023,15.283,113504,NA
LPF,AFN,2007,0.01,NA,0.0310790328335222
LPF,AFN,2008,0.013,NA,0.0239559863836506
LPF,AFN,2016,4.579,96822,0.0718491220735786
LPF,AFN,2017,5.24482,76939,0.0852522133215405
LPF,AFN,2018,4.06514,70972,0.0929421390903634
LPF,AFN,2019,7.31971,69528,NA
LPF,AFN,2020,10.47462,54416,NA
LPF,AFN,2021,7.243,51421,NA
LPF,AFN,2022,3.78491,48509,NA
LPF,AFN,2023,2.176,52355,NA
LPF,APS,1972,0.007,5903,0.192553870870243
LPF,APS,1973,0.002,7062,0.131313946679686
LPF,APS,1974,0.001,4416,0.166337692413678
LPF,APS,1975,0.012,6215,0.118193880103315
LPF,APS,1978,0.092,2671,0.113823330680794
LPF,APS,1979,0.258,4992,0.122583756672578
LPF,APS,1980,0.003,3191,0.1094482023174
LPF,APS,1981,0.068,3488,0.10507861416645
LPF,APS,1982,0.238,7562,0.0758778304908716
LPF,APS,1983,0.49,16827,0.0952305083655084
LPF,APS,1984,1.562,29084,0.08
LPF,APS,1985,1.885,37983,0.0633333333333333
LPF,APS,1986,0.664,21954,0.02
LPF,APS,1987,0.33,14026,0.0166666666666667
LPF,APS,1988,1.109,28096,0.0166666666666667
LPF,APS,1989,2.069,47911,0.0433333333333333
LPF,APS,1990,2.303,65525,0.0570434528411219
LPF,APS,1991,0.096,50030,0.0803767861744552
LPF,APS,1992,0.148,18665,0.0668845592430931
LPF,APS,1993,0.097,23585,0.0734765813345242
LPF,APS,1994,0.138,34047,0.0624993911605694
LPF,APS,1995,0.179,90078,0.0621078946495613
LPF,APS,1996,0.086,97195,0.0553709691998069
LPF,APS,1997,0.082,104975,0.0523836087095618
LPF,APS,1998,0.065,79395,0.047270857622436
LPF,APS,1999,0.157,53406,0.0432101119935197
LPF,APS,2000,0.031,53683,0.0388981216762661
LPF,APS,2001,0.071,45614,0.0341017246588382
LPF,APS,2002,0.06,54845,0.0306509184161165
LPF,APS,2005,0.212,63519,0.0239531570969159
LPF,APS,2006,0.28,60607,0.0291648556726312
LPF,APS,2007,0.248,53068,0.0310790328335222
LPF,APS,2008,0.168,53458,0.0239559863836506
LPF,APS,2009,0.258,52323,0.0254844163662457
LPF,APS,2010,0.214,50707,0.0215013523271436
LPF,APS,2011,0.151,50603,0.0564760419086817
LPF,APS,2012,0.045,34682,0.0575966986224469
LPF,APS,2015,0.148,28287,0.0656797231664748
LPF,APS,2016,0.122,32502,0.0718491220735786
LPF,APS,2017,1.49,22055,0.0852522133215405
LPF,APS,2018,0.559,14922,0.0929421390903634
LPF,APS,2019,0.488,16134,NA
LPF,APS,2020,0.691,12680,NA
LPF,APS,2021,0.285,11275,NA
LPF,APS,2022,0.137,11833,NA
LPF,APS,2023,0.359,13114,NA
LPF,GN,1972,0.183,47555,0.192553870870243
LPF,GN,1973,1.313,54786,0.131313946679686
LPF,GN,1974,0.688,41771,0.166337692413678
LPF,GN,1975,0.946,55246,0.118193880103315
LPF,GN,1976,1.566,55921,0.126945050319209
LPF,GN,1977,1.087,96343,0.0963132444141748
LPF,GN,1978,1.812,110560,0.113823330680794
LPF,GN,1979,1.692,102559,0.122583756672578
LPF,GN,1980,2.052,67397,0.1094482023174
LPF,GN,1981,0.277,66189,0.10507861416645
LPF,GN,1982,1.244,64362,0.0758778304908716
LPF,GN,1983,2.909,76178,0.0952305083655084
LPF,GN,1984,2.523,103784,0.08
LPF,GN,1985,3.097,83339,0.0633333333333333
LPF,GN,1986,2.668,90457,0.02
LPF,GN,1987,1.758,87038,0.0166666666666667
LPF,GN,1988,3.266,100209,0.0166666666666667
LPF,GN,1989,3.851,67899,0.0433333333333333
LPF,GN,1990,2.384,77461,0.0570434528411219
LPF,GN,1991,1.753,38336,0.0803767861744552
LPF,GN,1992,1.319,43393,0.0668845592430931
LPF,GN,1993,1.423,57591,0.0734765813345242
LPF,GN,1994,0.812,40981,0.0624993911605694
LPF,GN,1995,1.006,62461,0.0621078946495613
LPF,GN,1996,1.334,59759,0.0553709691998069
LPF,GN,1997,0.58,56898,0.0523836087095618
LPF,GN,1998,2.478,51220,0.047270857622436
LPF,GN,1999,0.801,43493,0.0432101119935197
LPF,GN,2000,0.541,31211,0.0388981216762661
LPF,GN,2001,1.605,28483,0.0341017246588382
LPF,GN,2002,1.449,44203,0.0306509184161165
LPF,GN,2003,1.348,47441,0.0246446311147417
LPF,GN,2004,1.738,58517,0.0230659611596893
LPF,GN,2005,1.053,39774,0.0239531570969159
LPF,GN,2006,0.888,34341,0.0291648556726312
LPF,GN,2007,0.792,33840,0.0310790328335222
LPF,GN,2008,0.95,34355,0.0239559863836506
LPF,GN,2009,1.052,36228,0.0254844163662457
LPF,GN,2010,1.819,45635,0.0215013523271436
LPF,GN,2011,0.884,34056,0.0564760419086817
LPF,GN,2012,0.718,26520,0.0575966986224469
LPF,GN,2013,1.995,26332,0.0801177280955305
LPF,GN,2014,1.339,34249,0.0645736221847076
LPF,GN,2015,0.863,36021,0.0656797231664748
LPF,GN,2016,4.48781,87979,0.0718491220735786
LPF,GN,2017,8.15327,110042,0.0852522133215405
LPF,GN,2018,4.36088,83039,0.0929421390903634
LPF,GN,2019,4.67335,89103,NA
LPF,GN,2020,6.36417,44328,NA
LPF,GN,2021,7.8975,51626,NA
LPF,GN,2022,3.22773,50458,NA
LPF,GN,2023,7.70884,52119,NA
LPF,OBT,1971,1.262,478346,0.227537481507107
LPF,OBT,1972,2.571,681718,0.192553870870243
LPF,OBT,1973,4.475,971178,0.131313946679686
LPF,OBT,1974,0.988,718082,0.166337692413678
LPF,OBT,1975,3,749496,0.118193880103315
LPF,OBT,1976,4.526,856857,0.126945050319209
LPF,OBT,1977,1.705,1045733,0.0963132444141748
LPF,OBT,1978,2.322,1028547,0.113823330680794
LPF,OBT,1979,3.129,996266,0.122583756672578
LPF,OBT,1980,3.262,849070,0.1094482023174
LPF,OBT,1981,3.466,853855,0.10507861416645
LPF,OBT,1982,2.447,944470,0.0758778304908716
LPF,OBT,1983,1.941,959229,0.0952305083655084
LPF,OBT,1984,2.105,892093,0.08
LPF,OBT,1985,1.709,920588,0.0633333333333333
LPF,OBT,1986,2.543,1069252,0.02
LPF,OBT,1987,4.261,1086956,0.0166666666666667
LPF,OBT,1988,3.606,1002938,0.0166666666666667
LPF,OBT,1989,2.51,935008,0.0433333333333333
LPF,OBT,1990,2.445,948973,0.0570434528411219
LPF,OBT,1991,4.923,881969,0.0803767861744552
LPF,OBT,1992,1.876,770569,0.0668845592430931
LPF,OBT,1993,2.214,807763,0.0734765813345242
LPF,OBT,1994,3.637,902828,0.0624993911605694
LPF,OBT,1995,5.06,824970,0.0621078946495613
LPF,OBT,1996,6.288,777851,0.0553709691998069
LPF,OBT,1997,5.591,779825,0.0523836087095618
LPF,OBT,1998,3.79,929503,0.047270857622436
LPF,OBT,1999,3.276,839174,0.0432101119935197
LPF,OBT,2000,3.646,754455,0.0388981216762661
LPF,OBT,2001,2.642,633853,0.0341017246588382
LPF,OBT,2002,2.676,617551,0.0306509184161165
LPF,OBT,2003,3.056,621338,0.0246446311147417
LPF,OBT,2004,2.649,566735,0.0230659611596893
LPF,OBT,2005,2.299,543798,0.0239531570969159
LPF,OBT,2006,2.132,512571,0.0291648556726312
LPF,OBT,2007,1.853,465597,0.0310790328335222
LPF,OBT,2008,2.42,456816,0.0239559863836506
LPF,OBT,2009,2.382,481122,0.0254844163662457
LPF,OBT,2010,2.326,506886,0.0215013523271436
LPF,OBT,2011,5.051,398799,0.0564760419086817
LPF,OBT,2012,5.427,359652,0.0575966986224469
LPF,OBT,2013,1.95,358999,0.0801177280955305
LPF,OBT,2014,1.731,336472,0.0645736221847076
LPF,OBT,2015,3.145,301616,0.0656797231664748
LPF,OBT,2016,1.98865,341810,0.0718491220735786
LPF,OBT,2017,4.49761,316463,0.0852522133215405
LPF,OBT,2018,2.585,313218,0.0929421390903634
LPF,OBT,2019,1.817,300588,NA
LPF,OBT,2020,1.431,256052,NA
LPF,OBT,2021,1.119,225432,NA
LPF,OBT,2022,0.51,196076,NA
LPF,OBT,2023,0.586,196388,NA
LPF,PS,1971,0.967,58514,0.227537481507107
LPF,PS,1972,0.624,42928,0.192553870870243
LPF,PS,1973,3.183,51217,0.131313946679686
LPF,PS,1974,5.815,70240,0.166337692413678
LPF,PS,1975,7.834,99659,0.118193880103315
LPF,PS,1976,24.645,117427,0.126945050319209
LPF,PS,1977,46.463,149221,0.0963132444141748
LPF,PS,1978,24.868,107135,0.113823330680794
LPF,PS,1979,26.751,116429,0.122583756672578
LPF,PS,1980,19.888,114208,0.1094482023174
LPF,PS,1981,12.399,126414,0.10507861416645
LPF,PS,1982,7.239,121609,0.0758778304908716
LPF,PS,1983,31.589,118691,0.0952305083655084
LPF,PS,1984,14.93,147566,0.08
LPF,PS,1985,46.475,120500,0.0633333333333333
LPF,PS,1986,45.968,152897,0.02
LPF,PS,1987,37.893,144495,0.0166666666666667
LPF,PS,1988,52.196,189314,0.0166666666666667
LPF,PS,1989,43.921,137030,0.0433333333333333
LPF,PS,1990,38.571,189054,0.0570434528411219
LPF,PS,1991,35.557,89859,0.0803767861744552
LPF,PS,1992,39.017,113717,0.0668845592430931
LPF,PS,1993,36.765,111605,0.0734765813345242
LPF,PS,1994,34.9785,111443,0.0624993911605694
LPF,PS,1995,33.192,115262,0.0621078946495613
LPF,PS,1996,29.085,68458,0.0553709691998069
LPF,PS,1997,27.259,70856,0.0523836087095618
LPF,PS,1998,21.385,81504,0.047270857622436
LPF,PS,1999,22.058,105324,0.0432101119935197
LPF,PS,2000,16.201,77662,0.0388981216762661
LPF,PS,2001,23.97,83718,0.0341017246588382
LPF,PS,2002,21.113,95304,0.0306509184161165
LPF,PS,2003,27.177,104994,0.0246446311147417
LPF,PS,2004,25.051,107758,0.0230659611596893
LPF,PS,2005,14.622,99309,0.0239531570969159
LPF,PS,2006,11.879,93999,0.0291648556726312
LPF,PS,2007,12.161,96076,0.0310790328335222
LPF,PS,2008,19.033,95282,0.0239559863836506
LPF,PS,2009,16.038,95940,0.0254844163662457
LPF,PS,2010,26.7,97184,0.0215013523271436
LPF,PS,2011,25.033,103252,0.0564760419086817
LPF,PS,2012,21.097,101149,0.0575966986224469
LPF,PS,2013,24.547,108670,0.0801177280955305
LPF,PS,2014,25.595,111467,0.0645736221847076
LPF,PS,2015,45.629,192586,0.0656797231664748
LPF,PS,2016,52.673,125340,0.0718491220735786
LPF,PS,2017,37.941,84992,0.0852522133215405
LPF,PS,2018,45.533,84143,0.0929421390903634
LPF,PS,2019,30.082,86225,NA
LPF,PS,2020,23.606,75184,NA
LPF,PS,2021,26.131,65725,NA
LPF,PS,2022,11.768,66670,NA
LPF,PS,2023,13.984,75226,NA
LPF,PT,1971,0.985,74615,0.227537481507107
LPF,PT,1972,2.504,104152,0.192553870870243
LPF,PT,1973,2.545,114484,0.131313946679686
LPF,PT,1974,0.284,101185,0.166337692413678
LPF,PT,1975,1.909,79254,0.118193880103315
LPF,PT,1976,2.921,115950,0.126945050319209
LPF,PT,1977,2.381,140004,0.0963132444141748
LPF,PT,1978,2.26,116462,0.113823330680794
LPF,PT,1979,2.205,118947,0.122583756672578
LPF,PT,1980,2.321,103254,0.1094482023174
LPF,PT,1981,1.777,100313,0.10507861416645
LPF,PT,1982,1.752,94328,0.0758778304908716
LPF,PT,1983,1.507,102851,0.0952305083655084
LPF,PT,1984,1.018,102430,0.08
LPF,PT,1985,1.168,99033,0.0633333333333333
LPF,PT,1986,1.889,131382,0.02
LPF,PT,1987,2.814,143219,0.0166666666666667
LPF,PT,1988,2.327,142183,0.0166666666666667
LPF,PT,1989,2.275,136626,0.0433333333333333
LPF,PT,1990,2.274,132979,0.0570434528411219
LPF,PT,1991,1.333,105148,0.0803767861744552
LPF,PT,1992,2.294,101656,0.0668845592430931
LPF,PT,1993,2.475,99602,0.0734765813345242
LPF,PT,1994,2.9535,99280,0.0624993911605694
LPF,PT,1995,3.432,130005,0.0621078946495613
LPF,PT,1996,2.739,117611,0.0553709691998069
LPF,PT,1997,2.58,109775,0.0523836087095618
LPF,PT,1998,1.963,95596,0.047270857622436
LPF,PT,1999,1.353,92361,0.0432101119935197
LPF,PT,2000,2.711,87121,0.0388981216762661
LPF,PT,2001,8.593,141923,0.0341017246588382
LPF,PT,2002,6.808,141476,0.0306509184161165
LPF,PT,2003,8.94,150630,0.0246446311147417
LPF,PT,2004,8.255,135802,0.0230659611596893
LPF,PT,2005,6.735,127763,0.0239531570969159
LPF,PT,2006,5.858,110453,0.0291648556726312
LPF,PT,2007,5.425,103916,0.0310790328335222
LPF,PT,2008,4.689,103748,0.0239559863836506
LPF,PT,2009,5.178,111785,0.0254844163662457
LPF,PT,2010,5.846,99935,0.0215013523271436
LPF,PT,2011,4.841,87738,0.0564760419086817
LPF,PT,2012,5.483,68417,0.0575966986224469
LPF,PT,2013,7.482,79373,0.0801177280955305
LPF,PT,2014,5.563,74864,0.0645736221847076
LPF,PT,2015,10.035,79237,0.0656797231664748
LPF,PT,2016,14.653,57909,0.0718491220735786
LPF,PT,2017,18.231,115778,0.0852522133215405
LPF,PT,2018,22.282,121924,0.0929421390903634
LPF,PT,2019,12.845,119135,NA
LPF,PT,2020,11.898,113581,NA
LPF,PT,2021,11.521,110570,NA
LPF,PT,2022,7.345,108445,NA
LPF,PT,2023,6.975,113504,NA
MPF,AFN,2008,0.113,NA,0.0905663125486112
MPF,AFN,2009,0.098,NA,0.0908725299143569
MPF,AFN,2011,0.046,NA,0.109737213316074
MPF,AFN,2013,0.149,NA,0.0876098994637501
MPF,AFN,2014,0.221,NA,0.078999148768662
MPF,AFN,2016,0.486,96822,0.0929493749004618
MPF,AFN,2017,0.66012,76939,0.10774278027449
MPF,AFN,2018,0.33783,70972,0.110595449062047
MPF,AFN,2019,0.1052,69528,NA
MPF,AFN,2020,0.02841,54416,NA
MPF,AFN,2021,0.038,51421,NA
MPF,AFN,2022,0.0122,48509,NA
MPF,AFN,2023,0.003,52355,NA
MPF,APS,1972,0.002,5903,0.555789619520909
MPF,APS,1980,0.001,3191,0.411526591257186
MPF,APS,1983,0.05,16827,0.295496496782497
MPF,APS,1984,0.006,29084,0.29
MPF,APS,1985,0.036,37983,0.27
MPF,APS,1987,0.036,14026,0.33
MPF,APS,1988,0.47,28096,0.286666666666667
MPF,APS,1989,0.144,47911,0.263333333333333
MPF,APS,1990,0.019,65525,0.223172661933058
MPF,APS,1991,0.086,50030,0.229839328599724
MPF,APS,1992,0.307,18665,0.230306838747943
MPF,APS,1993,0.144,23585,0.213889339430647
MPF,APS,1994,0.144,34047,0.197936934230964
MPF,APS,1996,0.099,97195,0.196540288941231
MPF,APS,1997,0.089,104975,0.190993570064906
MPF,APS,1998,0.856,79395,0.17498138470555
MPF,APS,1999,0.527,53406,0.160981123445243
MPF,APS,2000,0.361,53683,0.161017681133646
MPF,APS,2001,0.011,45614,0.166093472892837
MPF,APS,2002,0.008,54845,0.154501917306903
MPF,APS,2003,0.905,73828,0.129837499567524
MPF,APS,2004,0.152,54770,0.12158352714374
MPF,APS,2005,2.007,63519,0.139506000700251
MPF,APS,2006,0.961,60607,0.136264783990415
MPF,APS,2007,0.689,53068,0.123494939948376
MPF,APS,2008,0.598,53458,0.0905663125486112
MPF,APS,2009,3.589,52323,0.0908725299143569
MPF,APS,2010,0.95,50707,0.109031995684414
MPF,APS,2011,0.662,50603,0.109737213316074
MPF,APS,2012,0.061,34682,0.0970129772059374
MPF,APS,2013,0.277,28798,0.0876098994637501
MPF,APS,2014,0.322,33097,0.078999148768662
MPF,APS,2015,0.277,28287,0.0772172524078441
MPF,APS,2016,0.08558,32502,0.0929493749004618
MPF,APS,2017,0.19805,22055,0.10774278027449
MPF,APS,2018,0.022,14922,0.110595449062047
MPF,APS,2019,0.053,16134,NA
MPF,APS,2020,0.011,12680,NA
MPF,APS,2021,0.003,11275,NA
MPF,APS,2022,0.015,11833,NA
MPF,APS,2023,0.034,13114,NA
MPF,GN,1972,7.737,47555,0.555789619520909
MPF,GN,1973,10.07,54786,0.551537771868464
MPF,GN,1974,4.16,41771,0.599707044830226
MPF,GN,1975,10.316,55246,0.564732691606974
MPF,GN,1976,8.638,55921,0.45527393414988
MPF,GN,1977,9.485,96343,0.38088499329644
MPF,GN,1978,18.011,110560,0.372113067736762
MPF,GN,1979,43.621,102559,0.394016502628039
MPF,GN,1980,19.182,67397,0.411526591257186
MPF,GN,1981,17.126,66189,0.367778193185097
MPF,GN,1982,23.804,64362,0.351220351909105
MPF,GN,1983,33.614,76178,0.295496496782497
MPF,GN,1984,41.223,103784,0.29
MPF,GN,1985,50.939,83339,0.27
MPF,GN,1986,35.283,90457,0.283333333333333
MPF,GN,1987,45.629,87038,0.33
MPF,GN,1988,37.566,100209,0.286666666666667
MPF,GN,1989,40.522,67899,0.263333333333333
MPF,GN,1990,24.794,77461,0.223172661933058
MPF,GN,1991,17.961,38336,0.229839328599724
MPF,GN,1992,17.999,43393,0.230306838747943
MPF,GN,1993,16.656,57591,0.213889339430647
MPF,GN,1994,7.677,40981,0.197936934230964
MPF,GN,1995,19.452,62461,0.19433040934253001
MPF,GN,1996,17.092,59759,0.196540288941231
MPF,GN,1997,19.326,56898,0.190993570064906
MPF,GN,1998,28.008,51220,0.17498138470555
MPF,GN,1999,23.835,43493,0.160981123445243
MPF,GN,2000,19.536,31211,0.161017681133646
MPF,GN,2001,18.934,28483,0.166093472892837
MPF,GN,2002,18.862,44203,0.154501917306903
MPF,GN,2003,14.48,47441,0.129837499567524
MPF,GN,2004,19.158,58517,0.12158352714374
MPF,GN,2005,12.897,39774,0.139506000700251
MPF,GN,2006,17.294,34341,0.136264783990415
MPF,GN,2007,17.11,33840,0.123494939948376
MPF,GN,2008,18.388,34355,0.0905663125486112
MPF,GN,2009,15.348,36228,0.0908725299143569
MPF,GN,2010,14.175,45635,0.109031995684414
MPF,GN,2011,11.627,34056,0.109737213316074
MPF,GN,2012,15.075,26520,0.0970129772059374
MPF,GN,2013,17.97,26332,0.0876098994637501
MPF,GN,2014,21.042,34249,0.078999148768662
MPF,GN,2015,14.544,36021,0.0772172524078441
MPF,GN,2016,6.34824,87979,0.0929493749004618
MPF,GN,2017,6.42203,110042,0.10774278027449
MPF,GN,2018,2.7176,83039,0.110595449062047
MPF,GN,2019,8.14511,89103,NA
MPF,GN,2020,5.462,44328,NA
MPF,GN,2021,8.91325,51626,NA
MPF,GN,2022,13.00928,50458,NA
MPF,GN,2023,19.19356,52119,NA
MPF,OBT,1971,2.456,478346,0.862011911849263
MPF,OBT,1972,1.864,681718,0.555789619520909
MPF,OBT,1973,2.165,971178,0.551537771868464
MPF,OBT,1974,0.695,718082,0.599707044830226
MPF,OBT,1975,2.863,749496,0.564732691606974
MPF,OBT,1976,1.622,856857,0.45527393414988
MPF,OBT,1977,1.839,1045733,0.38088499329644
MPF,OBT,1978,2.262,1028547,0.372113067736762
MPF,OBT,1979,2.077,996266,0.394016502628039
MPF,OBT,1980,4.761,849070,0.411526591257186
MPF,OBT,1981,3.529,853855,0.367778193185097
MPF,OBT,1982,3.041,944470,0.351220351909105
MPF,OBT,1983,1.907,959229,0.295496496782497
MPF,OBT,1984,3.191,892093,0.29
MPF,OBT,1985,2.099,920588,0.27
MPF,OBT,1986,3.407,1069252,0.283333333333333
MPF,OBT,1987,3.238,1086956,0.33
MPF,OBT,1988,3.201,1002938,0.286666666666667
MPF,OBT,1989,3.61,935008,0.263333333333333
MPF,OBT,1990,1.601,948973,0.223172661933058
MPF,OBT,1991,2.45,881969,0.229839328599724
MPF,OBT,1992,2.439,770569,0.230306838747943
MPF,OBT,1993,2.453,807763,0.213889339430647
MPF,OBT,1994,3.052,902828,0.197936934230964
MPF,OBT,1995,3.651,824970,0.19433040934253001
MPF,OBT,1996,3.705,777851,0.196540288941231
MPF,OBT,1997,3.254,779825,0.190993570064906
MPF,OBT,1998,5.026,929503,0.17498138470555
MPF,OBT,1999,5.066,839174,0.160981123445243
MPF,OBT,2000,3.917,754455,0.161017681133646
MPF,OBT,2001,4.947,633853,0.166093472892837
MPF,OBT,2002,5.587,617551,0.154501917306903
MPF,OBT,2003,6.764,621338,0.129837499567524
MPF,OBT,2004,7.822,566735,0.12158352714374
MPF,OBT,2005,6.073,543798,0.139506000700251
MPF,OBT,2006,5.058,512571,0.136264783990415
MPF,OBT,2007,3.328,465597,0.123494939948376
MPF,OBT,2008,3.568,456816,0.0905663125486112
MPF,OBT,2009,3.51,481122,0.0908725299143569
MPF,OBT,2010,2.946,506886,0.109031995684414
MPF,OBT,2011,3.73,398799,0.109737213316074
MPF,OBT,2012,3.171,359652,0.0970129772059374
MPF,OBT,2013,2.206,358999,0.0876098994637501
MPF,OBT,2014,1.96,336472,0.078999148768662
MPF,OBT,2015,0.137,301616,0.0772172524078441
MPF,OBT,2016,0.06853,341810,0.0929493749004618
MPF,OBT,2017,0.17667,316463,0.10774278027449
MPF,OBT,2018,0.18,313218,0.110595449062047
MPF,OBT,2019,0.23,300588,NA
MPF,OBT,2020,0.138,256052,NA
MPF,OBT,2021,0.156,225432,NA
MPF,OBT,2022,0.099,196076,NA
MPF,OBT,2023,0.122,196388,NA
MPF,PS,1971,27.118,58514,0.862011911849263
MPF,PS,1972,12.514,42928,0.555789619520909
MPF,PS,1973,15.299,51217,0.551537771868464
MPF,PS,1974,14.341,70240,0.599707044830226
MPF,PS,1975,29.574,99659,0.564732691606974
MPF,PS,1976,32.957,117427,0.45527393414988
MPF,PS,1977,8.565,149221,0.38088499329644
MPF,PS,1978,10.681,107135,0.372113067736762
MPF,PS,1979,27.372,116429,0.394016502628039
MPF,PS,1980,16.869,114208,0.411526591257186
MPF,PS,1981,36.568,126414,0.367778193185097
MPF,PS,1982,38.909,121609,0.351220351909105
MPF,PS,1983,26.541,118691,0.295496496782497
MPF,PS,1984,48.958,147566,0.29
MPF,PS,1985,45.214,120500,0.27
MPF,PS,1986,44.129,152897,0.283333333333333
MPF,PS,1987,41.253,144495,0.33
MPF,PS,1988,46.933,189314,0.286666666666667
MPF,PS,1989,45.837,137030,0.263333333333333
MPF,PS,1990,39.079,189054,0.223172661933058
MPF,PS,1991,29.714,89859,0.229839328599724
MPF,PS,1992,56.968,113717,0.230306838747943
MPF,PS,1993,40.366,111605,0.213889339430647
MPF,PS,1994,51.4045,111443,0.197936934230964
MPF,PS,1995,62.443,115262,0.19433040934253001
MPF,PS,1996,48.722,68458,0.196540288941231
MPF,PS,1997,47.979,70856,0.190993570064906
MPF,PS,1998,56.061,81504,0.17498138470555
MPF,PS,1999,49.864,105324,0.160981123445243
MPF,PS,2000,47.488,77662,0.161017681133646
MPF,PS,2001,30.848,83718,0.166093472892837
MPF,PS,2002,36.41,95304,0.154501917306903
MPF,PS,2003,46.569,104994,0.129837499567524
MPF,PS,2004,46.432,107758,0.12158352714374
MPF,PS,2005,43.266,99309,0.139506000700251
MPF,PS,2006,45.035,93999,0.136264783990415
MPF,PS,2007,41.693,96076,0.123494939948376
MPF,PS,2008,51.432,95282,0.0905663125486112
MPF,PS,2009,48.227,95940,0.0908725299143569
MPF,PS,2010,55.661,97184,0.109031995684414
MPF,PS,2011,90.726,103252,0.109737213316074
MPF,PS,2012,77.869,101149,0.0970129772059374
MPF,PS,2013,85.186,108670,0.0876098994637501
MPF,PS,2014,86.613,111467,0.078999148768662
MPF,PS,2015,31.3,192586,0.0772172524078441
MPF,PS,2016,17.299,125340,0.0929493749004618
MPF,PS,2017,12.193,84992,0.10774278027449
MPF,PS,2018,5.854,84143,0.110595449062047
MPF,PS,2019,8.451,86225,NA
MPF,PS,2020,7.195,75184,NA
MPF,PS,2021,6.905,65725,NA
MPF,PS,2022,16.611,66670,NA
MPF,PS,2023,16.598,75226,NA
MPF,PT,1971,4.51,74615,0.862011911849263
MPF,PT,1972,6.688,104152,0.555789619520909
MPF,PT,1973,8.025,114484,0.551537771868464
MPF,PT,1974,4.322,101185,0.599707044830226
MPF,PT,1975,5.596,79254,0.564732691606974
MPF,PT,1976,4.927,115950,0.45527393414988
MPF,PT,1977,4.198,140004,0.38088499329644
MPF,PT,1978,4.844,116462,0.372113067736762
MPF,PT,1979,4.67,118947,0.394016502628039
MPF,PT,1980,3.972,103254,0.411526591257186
MPF,PT,1981,3.481,100313,0.367778193185097
MPF,PT,1982,2.828,94328,0.351220351909105
MPF,PT,1983,2.443,102851,0.295496496782497
MPF,PT,1984,2.12,102430,0.29
MPF,PT,1985,2.071,99033,0.27
MPF,PT,1986,3.332,131382,0.283333333333333
MPF,PT,1987,4.432,143219,0.33
MPF,PT,1988,7.299,142183,0.286666666666667
MPF,PT,1989,6.982,136626,0.263333333333333
MPF,PT,1990,4.449,132979,0.223172661933058
MPF,PT,1991,2.752,105148,0.229839328599724
MPF,PT,1992,2.744,101656,0.230306838747943
MPF,PT,1993,2.171,99602,0.213889339430647
MPF,PT,1994,2.369,99280,0.197936934230964
MPF,PT,1995,2.567,130005,0.19433040934253001
MPF,PT,1996,2.64,117611,0.196540288941231
MPF,PT,1997,2.45,109775,0.190993570064906
MPF,PT,1998,4.81,95596,0.17498138470555
MPF,PT,1999,3.45,92361,0.160981123445243
MPF,PT,2000,4.857,87121,0.161017681133646
MPF,PT,2001,14.177,141923,0.166093472892837
MPF,PT,2002,13.663,141476,0.154501917306903
MPF,PT,2003,15.19,150630,0.129837499567524
MPF,PT,2004,15.563,135802,0.12158352714374
MPF,PT,2005,10.392,127763,0.139506000700251
MPF,PT,2006,9.319,110453,0.136264783990415
MPF,PT,2007,8.346,103916,0.123494939948376
MPF,PT,2008,8.141,103748,0.0905663125486112
MPF,PT,2009,8.45,111785,0.0908725299143569
MPF,PT,2010,6.252,99935,0.109031995684414
MPF,PT,2011,5.659,87738,0.109737213316074
MPF,PT,2012,4.731,68417,0.0970129772059374
MPF,PT,2013,6.239,79373,0.0876098994637501
MPF,PT,2014,3.68,74864,0.078999148768662
MPF,PT,2015,1.396,79237,0.0772172524078441
MPF,PT,2016,2.143,57909,0.0929493749004618
MPF,PT,2017,1.948,115778,0.10774278027449
MPF,PT,2018,2.167,121924,0.110595449062047
MPF,PT,2019,2.204,119135,NA
MPF,PT,2020,2.261,113581,NA
MPF,PT,2021,3.414,110570,NA
MPF,PT,2022,5.772,108445,NA
MPF,PT,2023,4.981,113504,NA
NTU,AFN,2016,0.071,96822,0.0431619131080648
NTU,AFN,2017,0.126,76939,0.0402355841977147
NTU,AFN,2018,1.061,70972,0.0294425433836073
NTU,AFN,2019,0.427,69528,NA
NTU,AFN,2020,0.218,54416,NA
NTU,AFN,2021,0.206,51421,NA
NTU,AFN,2022,0.248,48509,NA
NTU,AFN,2023,0.338,52355,NA
NTU,APS,1972,0.006,5903,0.918939315861271
NTU,APS,1973,0.092,7062,0.341414133122131
NTU,APS,1974,0.011,4416,0.201361977623337
NTU,APS,1975,0.004,6215,0.192627344682736
NTU,APS,1978,0.001,2671,0.157600706513078
NTU,APS,1982,0.002,7562,0.222407967632639
NTU,APS,1983,0.141,16827,0.194645423423423
NTU,APS,1984,0.291,29084,0.17
NTU,APS,1985,0.067,37983,0.13
NTU,APS,1987,0.005,14026,0.166666666666667
NTU,APS,1988,0.025,28096,0.25
NTU,APS,1989,0.011,47911,0.193333333333333
NTU,APS,1990,0.21,65525,0.166666666666667
NTU,APS,1991,0.104,50030,0.06
NTU,APS,1992,0.19,18665,0.0668517316017316
NTU,APS,1993,0.097,23585,0.0705551948051948
NTU,APS,1994,0.07,34047,0.0711103896103896
NTU,APS,1995,0.043,90078,0.0716655844155844
NTU,APS,1996,0.072,97195,0.0722207792207792
NTU,APS,1997,0.065,104975,0.072775974025974
NTU,APS,1999,0.058,53406,0.0738863636363637
NTU,APS,2000,0.035,53683,0.0744415584415585
NTU,APS,2001,0.018,45614,0.0749967532467533
NTU,APS,2002,0.015,54845,0.0755519480519481
NTU,APS,2005,0.804,63519,0.0941570068547629
NTU,APS,2006,0.537,60607,0.0969627269366336
NTU,APS,2007,0.169,53068,0.102351555566716
NTU,APS,2008,0.314,53458,0.0904202726447708
NTU,APS,2009,0.028,52323,0.0829557568131952
NTU,APS,2010,0.209,50707,0.0641433101272266
NTU,APS,2011,0.135,50603,0.0514816436252671
NTU,APS,2012,0.003,34682,0.0972439260452437
NTU,APS,2016,0.117,32502,0.0431619131080648
NTU,APS,2017,0.958,22055,0.0402355841977147
NTU,APS,2018,0.306,14922,0.0294425433836073
NTU,APS,2019,0.48,16134,NA
NTU,APS,2020,0.158,12680,NA
NTU,APS,2021,0.193,11275,NA
NTU,APS,2022,0.444,11833,NA
NTU,APS,2023,0.844,13114,NA
NTU,GN,1972,1.291,47555,0.918939315861271
NTU,GN,1973,3.125,54786,0.341414133122131
NTU,GN,1974,2.343,41771,0.201361977623337
NTU,GN,1975,2.854,55246,0.192627344682736
NTU,GN,1976,3.089,55921,0.13571173439476
NTU,GN,1977,5.249,96343,0.135719361515393
NTU,GN,1978,2.788,110560,0.157600706513078
NTU,GN,1979,5.769,102559,0.297695951044778
NTU,GN,1980,6.29,67397,0.337098860736227
NTU,GN,1981,11.196,66189,0.315232867413086
NTU,GN,1982,21.243,64362,0.222407967632639
NTU,GN,1983,14.477,76178,0.194645423423423
NTU,GN,1984,20.406,103784,0.17
NTU,GN,1985,20.38,83339,0.13
NTU,GN,1986,19.369,90457,0.156666666666667
NTU,GN,1987,16.292,87038,0.166666666666667
NTU,GN,1988,17.744,100209,0.25
NTU,GN,1989,10.128,67899,0.193333333333333
NTU,GN,1990,9.35,77461,0.166666666666667
NTU,GN,1991,5.859,38336,0.06
NTU,GN,1992,9.814,43393,0.0668517316017316
NTU,GN,1993,8.625,57591,0.0705551948051948
NTU,GN,1994,8.1355,40981,0.0711103896103896
NTU,GN,1995,7.646,62461,0.0716655844155844
NTU,GN,1996,7.045,59759,0.0722207792207792
NTU,GN,1997,6.303,56898,0.072775974025974
NTU,GN,1998,9.452,51220,0.0733311688311689
NTU,GN,1999,6.619,43493,0.0738863636363637
NTU,GN,2000,3.354,31211,0.0744415584415585
NTU,GN,2001,4.148,28483,0.0749967532467533
NTU,GN,2002,6.533,44203,0.0755519480519481
NTU,GN,2003,8.336,47441,0.0761071428571429
NTU,GN,2004,7.215,58517,0.0845529361942405
NTU,GN,2005,4.31,39774,0.0941570068547629
NTU,GN,2006,3.222,34341,0.0969627269366336
NTU,GN,2007,3.269,33840,0.102351555566716
NTU,GN,2008,3.745,34355,0.0904202726447708
NTU,GN,2009,3.592,36228,0.0829557568131952
NTU,GN,2010,2.618,45635,0.0641433101272266
NTU,GN,2011,1.686,34056,0.0514816436252671
NTU,GN,2012,2.243,26520,0.0972439260452437
NTU,GN,2013,3.556,26332,0.114758441674834
NTU,GN,2014,4.296,34249,0.114993390900525
NTU,GN,2015,5.02,36021,0.0657671105123726
NTU,GN,2016,1.2858,87979,0.0431619131080648
NTU,GN,2017,1.04584,110042,0.0402355841977147
NTU,GN,2018,3.31788,83039,0.0294425433836073
NTU,GN,2019,0.98443,89103,NA
NTU,GN,2020,0.6412,44328,NA
NTU,GN,2021,1.49709,51626,NA
NTU,GN,2022,2.38926,50458,NA
NTU,GN,2023,2.07162,52119,NA
NTU,OBT,1979,0.011,996266,0.297695951044778
NTU,OBT,1989,0.002,935008,0.193333333333333
NTU,OBT,1993,0.017,807763,0.0705551948051948
NTU,OBT,2000,0.001,754455,0.0744415584415585
NTU,PS,1971,3.203,58514,1.2995775771701
NTU,PS,1972,2.784,42928,0.918939315861271
NTU,PS,1973,2.699,51217,0.341414133122131
NTU,PS,1974,4.052,70240,0.201361977623337
NTU,PS,1975,5.108,99659,0.192627344682736
NTU,PS,1976,4.287,117427,0.13571173439476
NTU,PS,1977,5.925,149221,0.135719361515393
NTU,PS,1978,3.558,107135,0.157600706513078
NTU,PS,1979,7.547,116429,0.297695951044778
NTU,PS,1980,6.052,114208,0.337098860736227
NTU,PS,1981,8.661,126414,0.315232867413086
NTU,PS,1982,18.055,121609,0.222407967632639
NTU,PS,1983,67.314,118691,0.194645423423423
NTU,PS,1984,48.658,147566,0.17
NTU,PS,1985,60.641,120500,0.13
NTU,PS,1986,67.752,152897,0.156666666666667
NTU,PS,1987,72.525,144495,0.166666666666667
NTU,PS,1988,123.67,189314,0.25
NTU,PS,1989,103.579,137030,0.193333333333333
NTU,PS,1990,127.307,189054,0.166666666666667
NTU,PS,1991,21.979,89859,0.06
NTU,PS,1992,17.3,113717,0.0668517316017316
NTU,PS,1993,21.145,111605,0.0705551948051948
NTU,PS,1994,21.531,111443,0.0711103896103896
NTU,PS,1995,21.917,115262,0.0716655844155844
NTU,PS,1996,13.034,68458,0.0722207792207792
NTU,PS,1997,11.877,70856,0.072775974025974
NTU,PS,1998,5.544,81504,0.0733311688311689
NTU,PS,1999,5.394,105324,0.0738863636363637
NTU,PS,2000,5.105,77662,0.0744415584415585
NTU,PS,2001,4.295,83718,0.0749967532467533
NTU,PS,2002,4.109,95304,0.0755519480519481
NTU,PS,2003,11.195,104994,0.0761071428571429
NTU,PS,2004,6.809,107758,0.0845529361942405
NTU,PS,2005,9.249,99309,0.0941570068547629
NTU,PS,2006,7.389,93999,0.0969627269366336
NTU,PS,2007,7.41,96076,0.102351555566716
NTU,PS,2008,13.158,95282,0.0904202726447708
NTU,PS,2009,12.499,95940,0.0829557568131952
NTU,PS,2010,12.26,97184,0.0641433101272266
NTU,PS,2011,13.68,103252,0.0514816436252671
NTU,PS,2012,20.686,101149,0.0972439260452437
NTU,PS,2013,24.635,108670,0.114758441674834
NTU,PS,2014,25.692,111467,0.114993390900525
NTU,PS,2015,25.522,192586,0.0657671105123726
NTU,PS,2016,26.839,125340,0.0431619131080648
NTU,PS,2017,30.519,84992,0.0402355841977147
NTU,PS,2018,25.269,84143,0.0294425433836073
NTU,PS,2019,27.099,86225,NA
NTU,PS,2020,24.149,75184,NA
NTU,PS,2021,31.942,65725,NA
NTU,PS,2022,31.446,66670,NA
NTU,PS,2023,34.271,75226,NA
NTU,PT,1980,0.01,103254,0.337098860736227
NTU,PT,1993,0.001,99602,0.0705551948051948
NTU,PT,2000,0.006,87121,0.0744415584415585
NTU,PT,2001,0.008,141923,0.0749967532467533
NTU,PT,2004,0.005,135802,0.0845529361942405
NTU,PT,2005,0.081,127763,0.0941570068547629
NTU,PT,2006,0.007,110453,0.0969627269366336
NTU,PT,2007,0.002,103916,0.102351555566716
NTU,PT,2010,0.016,99935,0.0641433101272266
NTU,PT,2011,0.011,87738,0.0514816436252671
NTU,PT,2021,0.001,110570,NA
NTU,PT,2022,0.003,108445,NA
NTU,PT,2023,0.002,113504,NA
SAR,AFN,2007,0.01,NA,0.00140590469270037
SAR,AFN,2008,0.013,NA,0.00390289546367247
SAR,AFN,2014,0.672,NA,NA
SAR,AFN,2016,2.63807,96822,NA
SAR,AFN,2017,4.19943,76939,NA
SAR,AFN,2018,3.79024,70972,NA
SAR,AFN,2019,4.69336,69528,NA
SAR,AFN,2020,2.72336,54416,NA
SAR,AFN,2021,5.104,51421,NA
SAR,AFN,2022,1.63064,48509,NA
SAR,AFN,2023,1.39526,52355,NA
SAR,APS,1972,0.984,5903,0.0262584042898438
SAR,APS,1973,0.934,7062,0.0175072729269538
SAR,APS,1974,1.133,4416,0.0043769607097592
SAR,APS,1975,0.348,6215,NA
SAR,APS,1976,0.359,5497,0.0043773691017127
SAR,APS,1977,0.087,1832,0.0043773691017127
SAR,APS,1978,0.43,2671,0.0043773691017127
SAR,APS,1979,0.194,4992,NA
SAR,APS,1980,0.556,3191,NA
SAR,APS,1981,0.784,3488,NA
SAR,APS,1982,1.846,7562,NA
SAR,APS,1983,4.016,16827,NA
SAR,APS,1984,3.439,29084,NA
SAR,APS,1985,1.393,37983,4.11092963801559e-6
SAR,APS,1986,0.604,21954,4.11092963801559e-6
SAR,APS,1987,0.929,14026,4.11092963801559e-6
SAR,APS,1988,2.455,28096,NA
SAR,APS,1989,3.588,47911,NA
SAR,APS,1990,6.882,65525,3.68969507679152e-5
SAR,APS,1991,1.657,50030,3.68969507679152e-5
SAR,APS,1992,5.311,18665,1.2611015860208e-4
SAR,APS,1993,0.891,23585,8.92132078341691e-5
SAR,APS,1994,0.966,34047,2.0844204326813e-4
SAR,APS,1995,1.041,90078,1.4167739701393e-4
SAR,APS,1996,0.582,97195,2.371053500797e-4
SAR,APS,1997,0.525,104975,2.9912007718432e-4
SAR,APS,1998,0.53,79395,2.9913658872364e-4
SAR,APS,1999,1.895,53406,6.0253043513585e-4
SAR,APS,2000,0.093,53683,4.2128687259727e-4
SAR,APS,2001,0.029,45614,9.8410365459623e-4
SAR,APS,2002,0.064,54845,6.1838773691831e-4
SAR,APS,2003,6.458,73828,0.0012377130746994
SAR,APS,2004,0.791,54770,9.9762226042434e-4
SAR,APS,2005,2.516,63519,0.00138790347539849
SAR,APS,2006,1.36,60607,0.00168908022966762
SAR,APS,2007,1.053,53068,0.00140590469270037
SAR,APS,2008,1.259,53458,0.00390289546367247
SAR,APS,2009,1.423,52323,0.00298239337162226
SAR,APS,2010,2.582,50707,0.0033219842934491
SAR,APS,2011,5.164,50603,4.0160642570281e-4
SAR,APS,2012,3.86,34682,4.0160642570281e-4
SAR,APS,2013,3.935,28798,NA
SAR,APS,2014,4.701,33097,NA
SAR,APS,2015,4.747,28287,NA
SAR,APS,2016,2.92336,32502,NA
SAR,APS,2017,4.3962,22055,NA
SAR,APS,2018,1.474,14922,NA
SAR,APS,2019,2.952,16134,NA
SAR,APS,2020,2.429,12680,NA
SAR,APS,2021,0.744,11275,NA
SAR,APS,2022,0.82,11833,NA
SAR,APS,2023,1.129,13114,NA
SAR,GN,1972,0.089,47555,0.0262584042898438
SAR,GN,1973,0.098,54786,0.0175072729269538
SAR,GN,1974,0.004,41771,0.0043769607097592
SAR,GN,1975,0.196,55246,NA
SAR,GN,1976,5.393,55921,0.0043773691017127
SAR,GN,1977,18.499,96343,0.0043773691017127
SAR,GN,1978,1.417,110560,0.0043773691017127
SAR,GN,1979,6.407,102559,NA
SAR,GN,1980,19.397,67397,NA
SAR,GN,1981,12.259,66189,NA
SAR,GN,1982,0.021,64362,NA
SAR,GN,1983,3.05,76178,NA
SAR,GN,1984,7.208,103784,NA
SAR,GN,1985,4.044,83339,4.11092963801559e-6
SAR,GN,1986,6.428,90457,4.11092963801559e-6
SAR,GN,1987,14.649,87038,4.11092963801559e-6
SAR,GN,1988,10.416,100209,NA
SAR,GN,1989,5.991,67899,NA
SAR,GN,1990,0.539,77461,3.68969507679152e-5
SAR,GN,1991,0.839,38336,3.68969507679152e-5
SAR,GN,1992,0.058,43393,1.2611015860208e-4
SAR,GN,1993,1.149,57591,8.92132078341691e-5
SAR,GN,1994,1.433,40981,2.0844204326813e-4
SAR,GN,1995,6.666,62461,1.4167739701393e-4
SAR,GN,1996,5.826,59759,2.371053500797e-4
SAR,GN,1997,5.998,56898,2.9912007718432e-4
SAR,GN,1998,2.523,51220,2.9913658872364e-4
SAR,GN,1999,3.821,43493,6.0253043513585e-4
SAR,GN,2000,3.346,31211,4.2128687259727e-4
SAR,GN,2001,2.081,28483,9.8410365459623e-4
SAR,GN,2002,3.074,44203,6.1838773691831e-4
SAR,GN,2003,2.935,47441,0.0012377130746994
SAR,GN,2004,2.701,58517,9.9762226042434e-4
SAR,GN,2005,2.386,39774,0.00138790347539849
SAR,GN,2006,1.599,34341,0.00168908022966762
SAR,GN,2007,3.681,33840,0.00140590469270037
SAR,GN,2008,1.54,34355,0.00390289546367247
SAR,GN,2009,3.202,36228,0.00298239337162226
SAR,GN,2010,3.184,45635,0.0033219842934491
SAR,GN,2011,4.343,34056,4.0160642570281e-4
SAR,GN,2012,7.691,26520,4.0160642570281e-4
SAR,GN,2013,5.816,26332,NA
SAR,GN,2014,5.168,34249,NA
SAR,GN,2015,3.898,36021,NA
SAR,GN,2016,0.77857,87979,NA
SAR,GN,2017,0.5672,110042,NA
SAR,GN,2018,3.89485,83039,NA
SAR,GN,2019,7.29835,89103,NA
SAR,GN,2020,11.1961,44328,NA
SAR,GN,2021,5.10733,51626,NA
SAR,GN,2022,6.33588,50458,NA
SAR,GN,2023,11.23894,52119,NA
SAR,OBT,1991,0.052,881969,3.68969507679152e-5
SAR,OBT,1992,0.002,770569,1.2611015860208e-4
SAR,OBT,1999,0.09,839174,6.0253043513585e-4
SAR,OBT,2000,1.108,754455,4.2128687259727e-4
SAR,OBT,2001,1.141,633853,9.8410365459623e-4
SAR,OBT,2002,1.473,617551,6.1838773691831e-4
SAR,OBT,2003,1.751,621338,0.0012377130746994
SAR,OBT,2004,1.065,566735,9.9762226042434e-4
SAR,OBT,2005,0.057,543798,0.00138790347539849
SAR,OBT,2006,0.207,512571,0.00168908022966762
SAR,OBT,2010,0.04,506886,0.0033219842934491
SAR,OBT,2011,0.065,398799,4.0160642570281e-4
SAR,OBT,2012,0.048,359652,4.0160642570281e-4
SAR,OBT,2013,0.227,358999,NA
SAR,OBT,2014,0.168,336472,NA
SAR,OBT,2015,0.585,301616,NA
SAR,OBT,2016,0.43491,341810,NA
SAR,OBT,2017,0.84767,316463,NA
SAR,OBT,2018,1.075,313218,NA
SAR,OBT,2019,0.449,300588,NA
SAR,OBT,2020,0.395,256052,NA
SAR,OBT,2021,0.292,225432,NA
SAR,OBT,2022,0.245,196076,NA
SAR,OBT,2023,0.257,196388,NA
SAR,PS,1972,5.729,42928,0.0262584042898438
SAR,PS,1973,19.473,51217,0.0175072729269538
SAR,PS,1974,41.042,70240,0.0043769607097592
SAR,PS,1975,47.845,99659,NA
SAR,PS,1976,84.776,117427,0.0043773691017127
SAR,PS,1977,183.154,149221,0.0043773691017127
SAR,PS,1978,58.983,107135,0.0043773691017127
SAR,PS,1979,125.888,116429,NA
SAR,PS,1980,74.078,114208,NA
SAR,PS,1981,115.142,126414,NA
SAR,PS,1982,85.979,121609,NA
SAR,PS,1983,92.923,118691,NA
SAR,PS,1984,72.876,147566,NA
SAR,PS,1985,64.242,120500,4.11092963801559e-6
SAR,PS,1986,86.946,152897,4.11092963801559e-6
SAR,PS,1987,65.143,144495,4.11092963801559e-6
SAR,PS,1988,77.794,189314,NA
SAR,PS,1989,95.317,137030,NA
SAR,PS,1990,75.127,189054,3.68969507679152e-5
SAR,PS,1991,65.426,89859,3.68969507679152e-5
SAR,PS,1992,90.432,113717,1.2611015860208e-4
SAR,PS,1993,84.911,111605,8.92132078341691e-5
SAR,PS,1994,108.767,111443,2.0844204326813e-4
SAR,PS,1995,132.623,115262,1.4167739701393e-4
SAR,PS,1996,147.056,68458,2.371053500797e-4
SAR,PS,1997,137.737,70856,2.9912007718432e-4
SAR,PS,1998,112.967,81504,2.9913658872364e-4
SAR,PS,1999,113.595,105324,6.0253043513585e-4
SAR,PS,2000,115.309,77662,4.2128687259727e-4
SAR,PS,2001,103.763,83718,9.8410365459623e-4
SAR,PS,2002,98.969,95304,6.1838773691831e-4
SAR,PS,2003,91.672,104994,0.0012377130746994
SAR,PS,2004,92.726,107758,9.9762226042434e-4
SAR,PS,2005,103.579,99309,0.00138790347539849
SAR,PS,2006,85.168,93999,0.00168908022966762
SAR,PS,2007,75.467,96076,0.00140590469270037
SAR,PS,2008,74.517,95282,0.00390289546367247
SAR,PS,2009,78.009,95940,0.00298239337162226
SAR,PS,2010,70.195,97184,0.0033219842934491
SAR,PS,2011,33.867,103252,4.0160642570281e-4
SAR,PS,2012,46.395,101149,4.0160642570281e-4
SAR,PS,2013,48.948,108670,NA
SAR,PS,2014,50.378,111467,NA
SAR,PS,2015,52.797,192586,NA
SAR,PS,2016,45.541,125340,NA
SAR,PS,2017,42.441,84992,NA
SAR,PS,2018,37.946,84143,NA
SAR,PS,2019,42.173,86225,NA
SAR,PS,2020,33.112,75184,NA
SAR,PS,2021,18.994,65725,NA
SAR,PS,2022,30.538,66670,NA
SAR,PS,2023,32.998,75226,NA
SAR,PT,1976,0.107,115950,0.0043773691017127
SAR,PT,1978,0.112,116462,0.0043773691017127
SAR,PT,1979,0.015,118947,NA
SAR,PT,1982,0.003,94328,NA
SAR,PT,1984,0.037,102430,NA
SAR,PT,1985,0.029,99033,4.11092963801559e-6
SAR,PT,1986,0.188,131382,4.11092963801559e-6
SAR,PT,1987,0.146,143219,4.11092963801559e-6
SAR,PT,1989,0.113,136626,NA
SAR,PT,1991,0.064,105148,3.68969507679152e-5
SAR,PT,1992,0.01,101656,1.2611015860208e-4
SAR,PT,1995,0.025,130005,1.4167739701393e-4
SAR,PT,1998,0.973,95596,2.9913658872364e-4
SAR,PT,2000,0.801,87121,4.2128687259727e-4
SAR,PT,2001,3.731,141923,9.8410365459623e-4
SAR,PT,2002,4.283,141476,6.1838773691831e-4
SAR,PT,2003,5.521,150630,0.0012377130746994
SAR,PT,2004,4.223,135802,9.9762226042434e-4
SAR,PT,2005,0.182,127763,0.00138790347539849
SAR,PT,2006,0.704,110453,0.00168908022966762
SAR,PT,2007,0.003,103916,0.00140590469270037
SAR,PT,2008,1.091,103748,0.00390289546367247
SAR,PT,2009,0.564,111785,0.00298239337162226
SAR,PT,2010,1.215,99935,0.0033219842934491
SAR,PT,2011,2.113,87738,4.0160642570281e-4
SAR,PT,2012,0.027,68417,4.0160642570281e-4
SAR,PT,2014,0.215,74864,NA
SAR,PT,2015,6.926,79237,NA
SAR,PT,2016,10.043,57909,NA
SAR,PT,2017,11.541,115778,NA
SAR,PT,2018,10.456,121924,NA
SAR,PT,2019,14.386,119135,NA
SAR,PT,2020,9.785,113581,NA
SAR,PT,2021,4.905,110570,NA
SAR,PT,2022,8.531,108445,NA
SAR,PT,2023,10.135,113504,NA
SCP,AFN,2016,0.506,96822,0.298894064423141
SCP,AFN,2017,0.72732,76939,0.410301804880736
SCP,AFN,2018,1.4231,70972,0.513928985075541
SCP,AFN,2019,0.8831,69528,NA
SCP,AFN,2020,0.80104,54416,NA
SCP,AFN,2021,0.804,51421,NA
SCP,AFN,2022,0.01793,48509,NA
SCP,AFN,2023,0.023,52355,NA
SCP,APS,1973,0.012,7062,4.62661707287791
SCP,APS,1975,0.001,6215,3.41907007836464
SCP,APS,1978,0.022,2671,2.82370553270933
SCP,APS,1979,0.003,4992,3.09084449146935
SCP,APS,1982,0.002,7562,2.08569500000321
SCP,APS,1983,0.003,16827,1.43696835907336
SCP,APS,1984,0.054,29084,1.3
SCP,APS,1985,0.206,37983,1.11333333333333
SCP,APS,1987,0.016,14026,1.33333333333333
SCP,APS,1988,0.097,28096,1.31333333333333
SCP,APS,1989,0.088,47911,1.05333333333333
SCP,APS,1990,0.466,65525,0.67
SCP,APS,1991,0.012,50030,0.63
SCP,APS,1992,0.018,18665,0.650464526214526
SCP,APS,1993,0.001,23585,0.651393578643579
SCP,APS,1994,0.024,34047,0.632787157287157
SCP,APS,1995,0.047,90078,0.614180735930736
SCP,APS,1999,0.281,53406,0.539755050505051
SCP,APS,2000,0.141,53683,0.521148629148629
SCP,APS,2001,0.009,45614,0.502542207792208
SCP,APS,2002,0.008,54845,0.483935786435787
SCP,APS,2003,1.28,73828,0.465329365079365
SCP,APS,2004,0.176,54770,0.433594511366251
SCP,APS,2005,0.002,63519,0.38044708859786
SCP,APS,2006,0.002,60607,0.2970443221407
SCP,APS,2007,0.001,53068,0.313487402080646
SCP,APS,2009,0.027,52323,0.362644651754166
SCP,APS,2010,0.029,50707,0.329499380554982
SCP,APS,2011,0.02,50603,0.268025032513604
SCP,APS,2012,0.019,34682,0.281520906158367
SCP,APS,2015,0.135,28287,0.38531910134444203
SCP,APS,2016,0.1261,32502,0.298894064423141
SCP,APS,2017,1.041,22055,0.410301804880736
SCP,APS,2018,0.346,14922,0.513928985075541
SCP,APS,2019,0.556,16134,NA
SCP,APS,2020,0.81,12680,NA
SCP,APS,2021,0.224,11275,NA
SCP,APS,2022,0.074,11833,NA
SCP,APS,2023,0.105,13114,NA
SCP,GN,1972,0.206,47555,7.35195340808607
SCP,GN,1974,0.05,41771,4.07091483097114
SCP,GN,1976,0.734,55921,3.00747027324785
SCP,GN,1977,4.056,96343,2.83258855552641
SCP,GN,1978,0.496,110560,2.82370553270933
SCP,GN,1979,4.647,102559,3.09084449146935
SCP,GN,1980,0.238,67397,3.23092460786451
SCP,GN,1981,0.286,66189,2.71891145719034
SCP,GN,1982,0.037,64362,2.08569500000321
SCP,GN,1983,0.104,76178,1.43696835907336
SCP,GN,1984,0.694,103784,1.3
SCP,GN,1985,0.173,83339,1.11333333333333
SCP,GN,1986,0.005,90457,1.10666666666667
SCP,GN,1987,0.024,87038,1.33333333333333
SCP,GN,1988,0.154,100209,1.31333333333333
SCP,GN,1989,0.203,67899,1.05333333333333
SCP,GN,1990,0.035,77461,0.67
SCP,GN,1991,0.023,38336,0.63
SCP,GN,1992,0.006,43393,0.650464526214526
SCP,GN,1993,0.003,57591,0.651393578643579
SCP,GN,1994,0.0035,40981,0.632787157287157
SCP,GN,1995,0.004,62461,0.614180735930736
SCP,GN,1996,0.038,59759,0.595574314574315
SCP,GN,1997,0.15,56898,0.576967893217893
SCP,GN,1998,0.009,51220,0.558361471861472
SCP,GN,2000,0.011,31211,0.521148629148629
SCP,GN,2001,0.044,28483,0.502542207792208
SCP,GN,2003,0.014,47441,0.465329365079365
SCP,GN,2005,0.031,39774,0.38044708859786
SCP,GN,2006,0.045,34341,0.2970443221407
SCP,GN,2007,0.1,33840,0.313487402080646
SCP,GN,2008,0.071,34355,0.33983272879694
SCP,GN,2009,0.116,36228,0.362644651754166
SCP,GN,2010,0.003,45635,0.329499380554982
SCP,GN,2011,0.245,34056,0.268025032513604
SCP,GN,2012,0.18,26520,0.281520906158367
SCP,GN,2013,0.088,26332,0.346478284829378
SCP,GN,2014,0.101,34249,0.402006150270832
SCP,GN,2015,0.076,36021,0.38531910134444203
SCP,GN,2016,0.33836,87979,0.298894064423141
SCP,GN,2017,0.47815,110042,0.410301804880736
SCP,GN,2018,0.40512,83039,0.513928985075541
SCP,GN,2019,0.23994,89103,NA
SCP,GN,2020,0.61019,44328,NA
SCP,GN,2021,1.92925,51626,NA
SCP,GN,2022,0.82335,50458,NA
SCP,GN,2023,0.72435,52119,NA
SCP,OBT,1975,0.006,749496,3.41907007836464
SCP,OBT,1977,0.002,1045733,2.83258855552641
SCP,OBT,1979,0.001,996266,3.09084449146935
SCP,OBT,1980,0.003,849070,3.23092460786451
SCP,OBT,1982,0.09,944470,2.08569500000321
SCP,OBT,1983,0.136,959229,1.43696835907336
SCP,OBT,1984,0.014,892093,1.3
SCP,OBT,1987,0.613,1086956,1.33333333333333
SCP,OBT,1988,1.03,1002938,1.31333333333333
SCP,OBT,1989,0.96,935008,1.05333333333333
SCP,OBT,1990,1.121,948973,0.67
SCP,OBT,1991,1.273,881969,0.63
SCP,OBT,1992,0.805,770569,0.650464526214526
SCP,OBT,1993,0.737,807763,0.651393578643579
SCP,OBT,1994,0.9885,902828,0.632787157287157
SCP,OBT,1995,1.24,824970,0.614180735930736
SCP,OBT,1996,0.52,777851,0.595574314574315
SCP,OBT,1997,0.475,779825,0.576967893217893
SCP,OBT,1998,0.95,929503,0.558361471861472
SCP,OBT,1999,0.857,839174,0.539755050505051
SCP,OBT,2000,1.586,754455,0.521148629148629
SCP,OBT,2001,1.029,633853,0.502542207792208
SCP,OBT,2002,0.931,617551,0.483935786435787
SCP,OBT,2003,1.202,621338,0.465329365079365
SCP,OBT,2004,1.162,566735,0.433594511366251
SCP,OBT,2005,1.038,543798,0.38044708859786
SCP,OBT,2006,1.087,512571,0.2970443221407
SCP,OBT,2007,1.272,465597,0.313487402080646
SCP,OBT,2008,1.364,456816,0.33983272879694
SCP,OBT,2009,1.293,481122,0.362644651754166
SCP,OBT,2010,1.027,506886,0.329499380554982
SCP,OBT,2011,0.525,398799,0.268025032513604
SCP,OBT,2012,0.892,359652,0.281520906158367
SCP,OBT,2013,0.283,358999,0.346478284829378
SCP,OBT,2014,0.31,336472,0.402006150270832
SCP,OBT,2015,1.132,301616,0.38531910134444203
SCP,OBT,2016,0.52345,341810,0.298894064423141
SCP,OBT,2017,1.19403,316463,0.410301804880736
SCP,OBT,2018,0.605,313218,0.513928985075541
SCP,OBT,2019,0.398,300588,NA
SCP,OBT,2020,0.552,256052,NA
SCP,OBT,2021,0.231,225432,NA
SCP,OBT,2022,0.105,196076,NA
SCP,OBT,2023,0.153,196388,NA
SCP,PS,1971,0.489,58514,9.72285328357943
SCP,PS,1972,0.445,42928,7.35195340808607
SCP,PS,1973,14.726,51217,4.62661707287791
SCP,PS,1974,26.09,70240,4.07091483097114
SCP,PS,1975,25.78,99659,3.41907007836464
SCP,PS,1976,81.69,117427,3.00747027324785
SCP,PS,1977,125.742,149221,2.83258855552641
SCP,PS,1978,26.019,107135,2.82370553270933
SCP,PS,1979,22.328,116429,3.09084449146935
SCP,PS,1980,40.805,114208,3.23092460786451
SCP,PS,1981,60.369,126414,2.71891145719034
SCP,PS,1982,48.083,121609,2.08569500000321
SCP,PS,1983,45.273,118691,1.43696835907336
SCP,PS,1984,49.771,147566,1.3
SCP,PS,1985,40.017,120500,1.11333333333333
SCP,PS,1986,37.685,152897,1.10666666666667
SCP,PS,1987,52.678,144495,1.33333333333333
SCP,PS,1988,23.838,189314,1.31333333333333
SCP,PS,1989,14.665,137030,1.05333333333333
SCP,PS,1990,12.883,189054,0.67
SCP,PS,1991,4.243,89859,0.63
SCP,PS,1992,13.613,113717,0.650464526214526
SCP,PS,1993,13.249,111605,0.651393578643579
SCP,PS,1994,15.55,111443,0.632787157287157
SCP,PS,1995,17.851,115262,0.614180735930736
SCP,PS,1996,12.056,68458,0.595574314574315
SCP,PS,1997,10.853,70856,0.576967893217893
SCP,PS,1998,3.762,81504,0.558361471861472
SCP,PS,1999,19.741,105324,0.539755050505051
SCP,PS,2000,29.451,77662,0.521148629148629
SCP,PS,2001,33.667,83718,0.502542207792208
SCP,PS,2002,26.285,95304,0.483935786435787
SCP,PS,2003,26.011,104994,0.465329365079365
SCP,PS,2004,30.789,107758,0.433594511366251
SCP,PS,2005,26.163,99309,0.38044708859786
SCP,PS,2006,24.755,93999,0.2970443221407
SCP,PS,2007,24.737,96076,0.313487402080646
SCP,PS,2008,15.387,95282,0.33983272879694
SCP,PS,2009,18.469,95940,0.362644651754166
SCP,PS,2010,28.575,97184,0.329499380554982
SCP,PS,2011,29.68,103252,0.268025032513604
SCP,PS,2012,26.553,101149,0.281520906158367
SCP,PS,2013,31.925,108670,0.346478284829378
SCP,PS,2014,33.641,111467,0.402006150270832
SCP,PS,2015,24.145,192586,0.38531910134444203
SCP,PS,2016,22.15,125340,0.298894064423141
SCP,PS,2017,30.623,84992,0.410301804880736
SCP,PS,2018,31.75,84143,0.513928985075541
SCP,PS,2019,30.667,86225,NA
SCP,PS,2020,24.154,75184,NA
SCP,PS,2021,25.401,65725,NA
SCP,PS,2022,14.047,66670,NA
SCP,PS,2023,18.309,75226,NA
SCP,PT,1975,0.004,79254,3.41907007836464
SCP,PT,1976,0.11,115950,3.00747027324785
SCP,PT,1978,0.093,116462,2.82370553270933
SCP,PT,1980,0.035,103254,3.23092460786451
SCP,PT,1981,0.025,100313,2.71891145719034
SCP,PT,1982,0.011,94328,2.08569500000321
SCP,PT,1983,0.138,102851,1.43696835907336
SCP,PT,1984,0.003,102430,1.3
SCP,PT,1985,0.001,99033,1.11333333333333
SCP,PT,1986,0.02,131382,1.10666666666667
SCP,PT,1987,0.3,143219,1.33333333333333
SCP,PT,1988,0.45,142183,1.31333333333333
SCP,PT,1989,0.571,136626,1.05333333333333
SCP,PT,1990,0.632,132979,0.67
SCP,PT,1991,0.407,105148,0.63
SCP,PT,1992,0.37,101656,0.650464526214526
SCP,PT,1993,0.267,99602,0.651393578643579
SCP,PT,1994,0.3515,99280,0.632787157287157
SCP,PT,1995,0.436,130005,0.614180735930736
SCP,PT,1996,0.325,117611,0.595574314574315
SCP,PT,1997,0.3,109775,0.576967893217893
SCP,PT,1998,0.165,95596,0.558361471861472
SCP,PT,1999,0.184,92361,0.539755050505051
SCP,PT,2000,0.44,87121,0.521148629148629
SCP,PT,2001,0.668,141923,0.502542207792208
SCP,PT,2002,0.846,141476,0.483935786435787
SCP,PT,2003,0.798,150630,0.465329365079365
SCP,PT,2004,0.707,135802,0.433594511366251
SCP,PT,2005,0.749,127763,0.38044708859786
SCP,PT,2006,0.562,110453,0.2970443221407
SCP,PT,2007,0.413,103916,0.313487402080646
SCP,PT,2008,0.832,103748,0.33983272879694
SCP,PT,2009,0.657,111785,0.362644651754166
SCP,PT,2010,1.361,99935,0.329499380554982
SCP,PT,2011,2.19,87738,0.268025032513604
SCP,PT,2012,0.331,68417,0.281520906158367
SCP,PT,2013,0.813,79373,0.346478284829378
SCP,PT,2014,0.804,74864,0.402006150270832
SCP,PT,2015,0.926,79237,0.38531910134444203
SCP,PT,2016,1.153,57909,0.298894064423141
SCP,PT,2017,1.685,115778,0.410301804880736
SCP,PT,2018,2.145,121924,0.513928985075541
SCP,PT,2019,1.866,119135,NA
SCP,PT,2020,1.989,113581,NA
SCP,PT,2021,1.81,110570,NA
SCP,PT,2022,1.401,108445,NA
SCP,PT,2023,2.027,113504,NA
