year,group,yield,effort,cpue
1972,Anchovy,12785,11124.6838148585,1149.24614602744
1973,Anchovy,22325,15620.6430199148,1429.19852732937
1974,Anchovy,19516,27729.2972972973,703.804347826087
1975,Anchovy,14691,29731.2162162162,494.127111826227
1976,Anchovy,15339,21878.1741048262,701.109696197926
1977,Anchovy,9914,9031.55047240179,1097.70742358079
1978,Anchovy,5604,6006.53451043339,932.983901160614
1979,Anchovy,14099,9334.51034482759,1510.41666666667
1980,Anchovy,16697,11866.3979955457,1407.08241930429
1981,Anchovy,12095,8136.42430086789,1486.5252293578
1982,Anchovy,23211,12950.754962001,1792.25072732081
1983,Anchovy,38141,19646.6956561668,1941.34426814049
1984,Anchovy,88804,32628.1050051795,2721.70265438042
1985,Anchovy,103101,49103.2862247969,2099.67617091857
1986,Anchovy,57956,32058.4046965154,1807.82545322037
1987,Anchovy,55462,35354.7249011498,1568.72950235277
1988,Anchovy,66469,35082.5259993989,1894.64692482916
1989,Anchovy,94253,51968.5534444265,1813.65448435641
1990,Anchovy,118727,67682.7154129909,1754.17016405952
1991,Anchovy,109981,51900.6332003358,2119.06855886468
1996,Anchovy,164134.209009009,147040.61463888,1116.25083594835
1997,Anchovy,152465.232348609,152265.06489012,1001.31459871398
1998,Anchovy,177927.10130996,131977.934812301,1348.15794445494
1999,Anchovy,147025.209144055,83822.9211899504,1753.9976781635
2000,Anchovy,159451.357218037,79474.005250737,2006.33347614701
2001,Anchovy,184640.729262673,79552.3021119067,2320.99793922918
2002,Anchovy,185230.632251721,93665.6281195429,1977.57316072568
2003,Anchovy,217405.490843447,137648.256333208,1579.42785934876
2004,Anchovy,231487.07710728,102103.897088463,2267.1718093847
2005,Anchovy,206783.194657996,113426.38314218,1823.06081644862
2006,Anchovy,200967.312208713,111719.782899328,1798.85161779992
2007,Anchovy,212528.102873777,111372.213960043,1908.26863646642
2008,Anchovy,207426.575968648,115363.350618837,1798.02835871151
2009,Anchovy,200438.993940341,116281.774012268,1723.73525982837
2010,Anchovy,205315.047225468,116041.665455397,1769.32178989094
2011,Anchovy,209052.430614503,119841.854114393,1744.40250578029
2012,Anchovy,190094.734199134,77514.7916181013,2452.36722219018
2013,Anchovy,183385.156389619,85750.0693651438,2138.60067691283
2014,Anchovy,186559.4,71811.3634299804,2597.90917605825
2015,Anchovy,79245,30464.8452704539,2601.19489518153
2016,Anchovy,109726.5,77759.0970468416,1411.10820684944
2017,Anchovy,102445,51852.1836523435,1975.71235739789
2018,Anchovy,134516,51978.3450811819,2587.9238707948
2019,Anchovy,105510.36,41111.5064660565,2566.4435353911
2020,Anchovy,87501.8,30760.2668145273,2844.63722397476
2021,Anchovy,126188.69,33362.5071460395,3782.35033259423
2022,Anchovy,140433,28527.2989133234,4922.75838756021
2023,Anchovy,109627.51,27248.9606925701,4023.18133292664
2024,Anchovy,82846.57,28856.6915048632,2870.96564711994
1971,Demersal,403993,5059398.87288666,79.85
1972,Demersal,689378,9033914.29694667,76.31
1973,Demersal,793010,12680044.7713463,62.54
1974,Demersal,564254,7996797.0521542,70.56
1975,Demersal,702869,12270757.6815642,57.28
1976,Demersal,741228,10395904.628331,71.3
1977,Demersal,898469,15517599.3091537,57.9
1978,Demersal,831674,13062258.5204963,63.67
1979,Demersal,839820,13497589.1996143,62.22
1980,Demersal,817914,14012574.9528868,58.37
1981,Demersal,822614,17003183.1335263,48.38
1982,Demersal,924023,18359288.6946155,50.33
1983,Demersal,820565,16790771.4344178,48.87
1984,Demersal,722487,12009424.8670213,60.16
1985,Demersal,669917,12001379.4338947,55.82
1986,Demersal,758421,15563738.9698338,48.73
1987,Demersal,916987,24439952.0255864,37.52
1988,Demersal,827413,27746914.8222669,29.82
1989,Demersal,943912,43801020.8816705,21.55
1990,Demersal,915493,39648895.625812,23.09
1991,Demersal,940432,38182379.2123427,24.63
1992,Demersal,782054,27004627.0718232,28.96
1993,Demersal,824896,24779092.8206669,33.29
1996,Demersal,670969,31296144.7058796,21.43935
1997,Demersal,626152,27634065.5024339,22.6587
1998,Demersal,616869,25834144.7480008,23.87805
1999,Demersal,761260,30332225.648872,25.0974
2000,Demersal,824455,34120838.644528,24.1628
2001,Demersal,814803,35078180.8319198,23.2282
2002,Demersal,771891,34623883.0875229,22.2936
2003,Demersal,753436,35274872.4191207,21.359
2004,Demersal,671592,28143653.3545656,23.863
2005,Demersal,703828,30277381.0548051,23.246
2006,Demersal,665698,27679750.5197505,24.05
2007,Demersal,601544,31560545.6453305,19.06
2008,Demersal,616609,25160525.5641245,24.507
2009,Demersal,655605,38283503.649635,17.125
2010,Demersal,695360,39339217.0174248,17.676
2011,Demersal,709805,30296000.6829143,23.429
2012,Demersal,662643,37813455.8320018,17.524
2013,Demersal,573741.2,41261503.0564545,13.905
2014,Demersal,585905.84,30403499.5589227,19.271
2015,Demersal,459653,20927563.2853761,21.964
2016,Demersal,455342.28,27048965.1894974,16.834
2017,Demersal,453078,21832979.9537394,20.752
2018,Demersal,543629,19962330.7712714,27.2327418190244
2019,Demersal,567519.76,18046864.8837727,31.447
2020,Demersal,483799.72,14608361.6160396,33.118
2021,Demersal,461605.99,18896593.6630097,24.428
2022,Demersal,457735,15655482.5911485,29.238
2023,Demersal,387748,12462379.6502352,31.11348
2024,Demersal,458519.03,16057399.0544563,28.555
1971,Pelagic,48488,185270.133995037,261.715145093482
1972,Pelagic,51336,101898.17394923,503.797055534849
1973,Pelagic,95831,90132.7027270223,1063.22119608724
1974,Pelagic,121947,94995.5336704818,1283.71298405467
1975,Pelagic,164225,150855.824676701,1088.62220170782
1976,Pelagic,295975,148528.86060992,1992.71036473724
1977,Pelagic,463668,170762.835478903,2715.27465973288
1978,Pelagic,193799,147239.30322027,1316.2178559761
1979,Pelagic,317404,177651.333121815,1786.66826993275
1980,Pelagic,256313,164435.628965122,1558.74369571309
1981,Pelagic,318500,177357.703235469,1795.8058442894
1982,Pelagic,281725,182016.807056411,1547.79662689439
1983,Pelagic,376884,150389.444954714,2506.05353396635
1984,Pelagic,373091,228725.276918731,1631.17520296003
1985,Pelagic,407500,172360.989718803,2364.22406639004
1986,Pelagic,423781,205024.264897875,2066.9797314532
1987,Pelagic,421005,202737.862263296,2076.59780615246
1988,Pelagic,457507,253750.722024791,1802.97812100531
1989,Pelagic,425710,193959.420333224,2194.84054586587
1990,Pelagic,380328,248310.510907666,1531.66291112592
1991,Pelagic,246357,125282.363684211,1966.41404867626
1992,Pelagic,323782,165664.885036422,1954.43952970972
1993,Pelagic,265439,161651.858534323,1642.04112718964
1996,Pelagic,304832,98439.03305329,3096.65780478542
1997,Pelagic,289856,103955.319923469,2788.27481088405
1998,Pelagic,266871,141873.513557233,1881.04878288182
1999,Pelagic,274738,161845.423494471,1697.53332573772
2000,Pelagic,262726,114931.710764378,2285.9313435142
2001,Pelagic,239098,116390.991714105,2054.26551040398
2002,Pelagic,231653,141349.101497525,1638.87140099051
2003,Pelagic,243045,158549.759736064,1532.92569099187
2004,Pelagic,249681,165628.098459152,1507.47972308321
2005,Pelagic,235996,145929.233533829,1617.1948161798
2006,Pelagic,213008,148930.683804168,1430.24925797083
2007,Pelagic,203209,155632.765365177,1305.69549106957
2008,Pelagic,219457,158499.032601363,1384.59520161206
2009,Pelagic,215286,155277.437019328,1386.4602876798
2010,Pelagic,239824,154305.376649343,1554.21674349687
2011,Pelagic,245974,202019.67472975,1217.57447797621
2012,Pelagic,250822,187254.730953752,1339.46949549674
2013,Pelagic,269377.2,195702.429187222,1376.46324125234
2014,Pelagic,278657.04,173235.550405705,1608.54420092993
2015,Pelagic,239373,165000.746542492,1450.73889067741
2016,Pelagic,222114.81,171084.186386355,1298.27785192492
2017,Pelagic,211673.47,114881.03883291,1842.54488077768
2018,Pelagic,242673,115497.979212978,2101.10169592242
2019,Pelagic,210998.17,107740.10415692,1958.39953609742
2020,Pelagic,219869.26,105683.208627195,2080.45594807406
2021,Pelagic,236001.36,111424.554522729,2118.037276531
2022,Pelagic,193486,94014.3693608338,2058.04709764512
2023,Pelagic,249763.48,122538.512261086,2038.24475580251
2024,Pelagic,237320.74,124535.122694616,1905.6530789467
