"group_key","start_year","end_year","n_years","n_rows_window","n_rows_valid","n_total","n_usable","frac_usable","n_cpue","n_effort","n_catch","n_invalid_cpue","n_invalid_effort","S_cov","acf1","ESS","S_ESS","P_miss","beta","p","r2","ec","ic","s_e","s_i","s_n","rho_ce","s_ce","f_out","p_out","s_slope","dsi_base","dsi","f_cook","f_lev","p_inf","acf1_v2","s_acf","z_shift","s_shift","cor_fit_e","s_fit_e","f_beta_pos","s_stab","dsi_v2","valid","reasons_invalid","species","fleet"
"Anchovy",1972,2024,53,49,49,49,49,1,49,49,49,0,0,1,0.780942970874719,10.7337944271387,0.338128173367053,0.900719226005058,-1.38257160465709e-07,0.925502683574747,0.000187995364522217,2.39893976185909,9.96253447694129,1,1,1,0.901224489795918,0.950612244897959,0.0816326530612245,0.591836734693878,0,59.5061224489796,35.2179092044981,0.0816326530612245,0.0612244897959184,0.410662224073303,0.780942970874719,0,1.96455170112818,0.21417931954873,-1,1,0.183673469387755,0.387755102040816,11.8304615457357,TRUE,NA,"Anchovy","ALL_FLEET"
"Anchovy",1973,2024,52,48,48,48,48,1,48,48,48,0,0,1,0.792635944181287,9.9534746792982,0.2823910485213,0.892358657278195,-4.04164546789866e-07,0.787526068637695,0.0015951874566289,2.35876544679343,9.96253447694129,1,1,1,0.89502822405558,0.94751411202779,0.0833333333333333,0.583333333333333,0,59.4751411202779,34.6938323201621,0.104166666666667,0.0625,0.329427083333333,0.792635944181287,0,2.15260828776658,0.138956684893367,-1,1,0.0416666666666667,0.861111111111111,9.98636966318157,TRUE,NA,"Anchovy","ALL_FLEET"
"Anchovy",1974,2024,51,47,47,47,47,1,47,47,47,0,0,1,0.772943651085623,10.6716483989757,0.333689171355408,0.900053375703311,-5.45870330892181e-07,0.721433447316044,0.00285244164095653,2.32181012819598,9.96253447694129,1,1,1,0.890379278445883,0.945189639222942,0.0851063829787234,0.574468085106383,0,59.4518963922294,34.1532170763871,0.127659574468085,0.0638297872340425,0.246265278406519,0.772943651085623,0,2.612649435067,0,-1,1,0.0212765957446809,0.929078014184397,7.48959204262246,TRUE,NA,"Anchovy","ALL_FLEET"
"Anchovy",1975,2024,50,46,46,46,46,1,46,46,46,0,0,1,0.704878712945084,13.5755792045261,0.541112800323296,0.931166920048494,-9.69893420235538e-07,0.51050732166292,0.00990451774625142,2.29389414677437,9.96253447694129,1,1,1,0.886401480111008,0.943200740055504,0.0652173913043478,0.673913043478261,0,59.432007400555,40.0520049873306,0.108695652173913,0.0652173913043478,0.30765595463138,0.704878712945084,0,2.40633737350815,0.0374650505967413,-1,1,0,1,11.4740602475938,TRUE,NA,"Anchovy","ALL_FLEET"
"Anchovy",1976,2024,49,45,45,45,45,1,45,45,45,0,0,1,0.696043312712244,13.678050927949,0.548432209139216,0.932264831370882,-1.55276707707237e-06,0.236563442047634,0.0324230705812161,2.26700740796373,7.02138112517345,1,1,1,0.886166007905138,0.943083003952569,0.0666666666666667,0.666666666666667,0,59.4308300395257,39.6205533596838,0.111111111111111,0.0444444444444444,0.345679012345679,0.696043312712244,0,2.18279916481689,0.126880334073245,-1,1,0,1,12.7682933074966,TRUE,NA,"Anchovy","ALL_FLEET"
"Anchovy",1977,2024,48,44,44,44,44,1,44,44,44,0,0,1,0.727335896957604,11.9972205338654,0.428372895276103,0.914255934291415,-2.14150314456143e-06,0.0770631794198466,0.0725429050829888,2.23346041260523,5.27635941138576,1,1,1,0.87906976744186,0.93953488372093,0.0681818181818182,0.659090909090909,0.614684102900767,80.9092924387361,53.3265791073488,0.0909090909090909,0.0454545454545455,0.421487603305785,0.727335896957604,0,2.19473523865581,0.122105904537675,-1,1,0,1,20.5492662117526,TRUE,NA,"Anchovy","ALL_FLEET"
"Anchovy",1978,2024,47,43,43,43,43,1,43,43,43,0,0,1,0.671055822345401,14.1445996391477,0.581757117081981,0.937263567562297,-2.67108073782184e-06,0.0254601670918096,0.115950268737533,2.18956310922426,5.27635941138576,1,1,1,0.870582905466626,0.935291452733313,0.0465116279069767,0.767441860465116,0.872699164540952,89.8973852862665,68.9910166150417,0.0697674418604651,0.0465116279069767,0.49972958355868,0.671055822345401,0,2.20680768626454,0.117276925494183,-1,1,0,1,32.3138973060163,TRUE,NA,"Anchovy","ALL_FLEET"
"Anchovy",1979,2024,46,42,42,42,42,1,42,42,42,0,0,1,0.736275615372503,11.0764241543549,0.362601725311063,0.904390258796659,-3.46054315633455e-06,0.00222649746637426,0.210772593198017,2.11191544761452,4.91629543190788,1,1,1,0.861113361964184,0.930556680982092,0.0714285714285714,0.642857142857143,0.988867512668129,93.9159297532054,60.3745262699178,0.142857142857143,0.0476190476190476,0.217687074829932,0.736275615372503,0,2.271535513682,0.0913857945272015,-1,1,0,1,11.8861787075868,TRUE,NA,"Anchovy","ALL_FLEET"
"Anchovy",1980,2024,45,41,41,41,41,1,41,41,41,0,0,1,0.709892516990709,11.8944068033809,0.421029057384354,0.913154358607653,-3.89163387294462e-06,0.000688190178106,0.258530745224663,2.06836765569572,4.91629543190788,1,1,1,0.850696864111498,0.925348432055749,0.0731707317073171,0.634146341463415,0.99655904910947,94.1330510393889,59.6941299274174,0.121951219512195,0.0487804878048781,0.29506246281975,0.709892516990709,0,2.24820509885225,0.100717960459102,-1,1,0,1,16.0838415488104,TRUE,NA,"Anchovy","ALL_FLEET"
"Anchovy",1981,2024,44,40,40,40,40,1,40,40,40,0,0,1,0.6834459031796,12.662163872816,0.475868848058285,0.921380327208743,-4.42799195540972e-06,0.000109748268273182,0.328842865785592,2.0263360175307,4.91629543190788,1,1,1,0.83921200750469,0.919606003752345,0.05,0.75,0.999451258658634,94.1768540905756,70.6326405679317,0.1,0.05,0.375,0.6834459031796,0,2.23220443406084,0.107118226375664,-1,1,0,1,24.4048220542869,TRUE,NA,"Anchovy","ALL_FLEET"
"Anchovy",1982,2024,43,39,39,39,39,1,39,39,39,0,0,1,0.692580025585499,11.9893790021656,0.427812785868968,0.914171917880345,-5.06052882283565e-06,1.01636714053613e-05,0.413355508827952,1.91516100081489,4.91629543190788,1,1,1,0.826518218623482,0.913259109311741,0.0256410256410256,0.871794871794872,0.999949181642973,94.1308124506215,82.0627595723367,0.102564102564103,0.0512820512820513,0.362261669953978,0.692580025585499,0,2.2107624607007,0.115695015719721,-1,1,0,1,27.1766785916785,TRUE,NA,"Anchovy","ALL_FLEET"
"Anchovy",1983,2024,42,38,38,38,38,1,38,38,38,0,0,1,0.69041691778957,11.7641571239963,0.411725508856882,0.911758826328532,-5.53268062593621e-06,2.30249405747736e-06,0.466521124997701,1.78451138924838,4.91629543190788,1,1,1,0.812452128241602,0.906226064120801,0.0526315789473684,0.736842105263158,0.999988487529713,94.0618577047479,69.3087372561301,0.131578947368421,0.0526315789473684,0.25207756232687,0.69041691778957,0,2.18102889312207,0.127588442751171,-1,1,0,1,15.9295003243255,TRUE,NA,"Anchovy","ALL_FLEET"
"Anchovy",1984,2024,41,37,37,37,37,1,37,37,37,0,0,1,0.755809789495058,9.03503778868284,0.216788413477346,0.882518262021602,-5.90962054051743e-06,8.60656122146251e-07,0.504049975804199,1.64942157862985,4.91629543190788,1,1,1,0.796823138928402,0.898411569464201,0.0540540540540541,0.72972972972973,0.999995696719389,93.9839650798206,68.5828934366259,0.108108108108108,0.0540540540540541,0.335281227173119,0.755809789495058,0,2.15368398921013,0.138526404315947,-1,1,0,1,20.2931161923504,TRUE,NA,"Anchovy","ALL_FLEET"
"Anchovy",1985,2024,40,36,36,36,36,1,36,36,36,0,0,1,0.757398303031852,8.73366109085332,0.195261506489523,0.879289225973428,-5.8908688012498e-06,1.78991237649624e-06,0.493482608956844,1.62373430679617,4.91629543190788,1,1,1,0.78970398970399,0.894851994851995,0.0555555555555556,0.722222222222222,0.999991050438118,93.948206713854,67.8514826266724,0.111111111111111,0.0555555555555556,0.320987654320988,0.757398303031852,0,2.18041075177571,0.127835699289715,-1,1,0,1,19.1504693659119,TRUE,NA,"Anchovy","ALL_FLEET"
"Anchovy",1986,2024,39,35,35,35,35,1,35,35,35,0,0,1,0.735781020853093,9.24766427014175,0.231976019295839,0.884796402894376,-5.96881778852548e-06,2.12403936176016e-06,0.498917692762699,1.6071014204571,4.91629543190788,1,1,1,0.783193277310924,0.891596638655462,0.0571428571428571,0.714285714285714,0.999989379803191,93.9155946796663,67.0825676283331,0.114285714285714,0.0571428571428571,0.306122448979592,0.735781020853093,0,2.15942043386461,0.136231826454157,-1,1,0,1,18.1697187350412,TRUE,NA,"Anchovy","ALL_FLEET"
"Anchovy",1987,2024,38,34,34,34,34,1,34,34,34,0,0,1,0.677725353504911,10.957337980833,0.354095570059502,0.903114335508925,-6.34980906792973e-06,6.66158052630427e-07,0.543222660945094,1.57978579806059,4.91629543190788,1,1,1,0.775401069518716,0.887700534759358,0.0588235294117647,0.705882352941177,0.999996669209737,93.8768887699344,66.2660391317184,0.0588235294117647,0.0588235294117647,0.498269896193772,0.677725353504911,0,2.12773215181175,0.148907139275301,-1,1,0,1,29.8193654851351,TRUE,NA,"Anchovy","ALL_FLEET"
"Anchovy",1988,2024,37,33,33,33,33,1,33,33,33,0,0,1,0.672134664393571,10.8195560750122,0.344254005358012,0.901638100803702,-6.87455136145936e-06,4.62929039793773e-08,0.623859760629174,1.55373788062666,4.91629543190788,1,1,1,0.769050802139037,0.884525401069519,0.0606060606060606,0.696969696969697,0.99999976853548,93.845245909437,65.407292603547,0.0606060606060606,0.0606060606060606,0.485766758494031,0.672134664393571,0,2.0978524508594,0.16085901965624,-1,1,0,1,28.6474665254899,TRUE,NA,"Anchovy","ALL_FLEET"
"Anchovy",1989,2024,36,32,32,32,32,1,32,32,32,0,0,1,0.642623998849043,11.4360320368306,0.38828800263076,0.908243200394614,-7.29189084601556e-06,9.61756353266985e-09,0.671737702826163,1.52682830580143,4.91629543190788,1,1,1,0.760263929618768,0.880131964809384,0.0625,0.6875,0.999999951912182,93.8013179650202,64.4884061009514,0.03125,0.0625,0.580078125,0.642623998849043,0,2.06677040761841,0.173291836952637,-1,1,0,1,33.9758465519654,TRUE,NA,"Anchovy","ALL_FLEET"
"Anchovy",1990,2024,35,31,31,31,31,1,31,31,31,0,0,1,0.619568900476173,11.7933640852386,0.413811720374189,0.912071758056128,-7.53975579313287e-06,3.18321722731984e-09,0.707154590607078,1.50904564846561,4.91629543190788,1,1,1,0.749596774193549,0.874798387096774,0.0645161290322581,0.67741935483871,0.999999984083914,93.7479833139047,63.5066983739355,0.032258064516129,0.032258064516129,0.703433922996878,0.619568900476173,0,2.03343758121245,0.186624967515019,-1,1,0,1,40.7447681989144,TRUE,NA,"Anchovy","ALL_FLEET"
"Anchovy",1991,2024,34,30,30,30,30,1,30,30,30,0,0,1,0.60158253326738,11.9525240019786,0.425180285855615,0.913777042878342,-7.64254314787455e-06,1.99305394499154e-09,0.72899720494331,1.49989554579945,4.91629543190788,1,1,1,0.733481646273637,0.866740823136819,0.0666666666666667,0.666666666666667,0.99999999003473,93.6674078825837,62.4449385883892,0.0333333333333333,0.0333333333333333,0.694444444444445,0.60158253326738,0,1.99888947422754,0.200444210308984,-1,1,0,1,39.6255217541791,TRUE,NA,"Anchovy","ALL_FLEET"
"Anchovy",1996,2024,29,29,29,29,29,1,29,29,29,0,0,1,0.597621454170354,11.6689778290597,0.404926987789982,0.910739048168497,-7.8175515320464e-06,1.70053050678774e-09,0.744951615123841,1.48063120663887,4.91629543190788,1,1,1,0.713300492610837,0.856650246305419,0.0689655172413793,0.655172413793103,0.999999991497347,93.5665021654613,61.3021910739229,0.0344827586206897,0.0344827586206897,0.684898929845422,0.597621454170354,0.00396424304941057,1.97582057299675,0.209671770801301,-1,1,0,1,38.2381121403108,TRUE,NA,"Anchovy","ALL_FLEET"
"Anchovy",1997,2024,28,28,28,28,28,1,28,28,28,0,0,1,0.571020672523221,12.0114211693498,0.42938722638213,0.91440808395732,-7.58161551788066e-06,1.2646637552825e-08,0.718372928685825,1.52090694197906,4.91629543190788,1,1,1,0.760262725779967,0.880131362889984,0.0714285714285714,0.642857142857143,0.999999936766812,93.8013114157383,60.3008430529746,0.0714285714285714,0.0357142857142857,0.528061224489796,0.571020672523221,0.0482988791279657,1.99944839680887,0.200220641276451,-1,1,0,1,29.1170732650915,TRUE,NA,"Anchovy","ALL_FLEET"
"Anchovy",1998,2024,27,27,27,27,27,1,27,27,27,0,0,1,0.573173636166343,11.5243118235087,0.394593701679196,0.909189055251879,-7.08370994497199e-06,1.4485283942037e-07,0.675831189781397,1.38686781512916,3.65147007278178,1,1,1,0.819291819291819,0.90964590964591,0.0740740740740741,0.62962962962963,0.999999275735803,94.0964337472122,59.2459027297262,0.037037037037037,0,0.814814814814815,0.573173636166343,0.0447106063894285,2.09252010957054,0.162991956171785,-1,1,0,1,43.8905918247577,TRUE,NA,"Anchovy","ALL_FLEET"
"Anchovy",1999,2024,26,26,26,26,26,1,26,26,26,0,0,1,0.547977364504154,11.752588522892,0.410899180206572,0.911634877030986,-6.86943995472752e-06,7.38192690472671e-07,0.646885499749647,1.42287446945496,3.48857611603803,1,1,1,0.865299145299145,0.932649572649573,0.0769230769230769,0.615384615384615,0.999996309036548,94.3263665427749,58.0469947955538,0.0384615384615385,0.0384615384615385,0.652366863905326,0.547977364504154,0.0867043924930774,2.10378702625717,0.15848518949713,-1,1,0,1,34.5217311367547,TRUE,NA,"Anchovy","ALL_FLEET"
"Anchovy",2000,2024,25,25,25,25,25,1,25,25,25,0,0,1,0.547472438521925,11.3131890369519,0.37951350263942,0.906927025395913,-6.82612740200875e-06,9.12752227177113e-07,0.656624978474686,1.42746213387492,3.48857611603803,1,1,1,0.861538461538462,0.930769230769231,0.08,0.6,0.999995436238864,94.3075325760525,56.5845195456315,0.04,0,0.8,0.547472438521925,0.0875459357967917,2.06743720338788,0.173025118644849,-1,1,0,1,41.0544239959812,TRUE,NA,"Anchovy","ALL_FLEET"
"Anchovy",2001,2024,24,24,24,24,24,1,24,24,24,0,0,1,0.561029411885545,10.5352941147469,0.32394957962478,0.898592436943717,-6.81824634366356e-06,1.4326234147911e-06,0.659808561490056,1.42910550646084,3.48857611603803,1,1,1,0.853043478260869,0.926521739130435,0.0833333333333333,0.583333333333333,0.999992836882926,94.2649666822067,54.9878972312873,0.0416666666666667,0,0.791666666666667,0.561029411885545,0.0649509801907583,2.02744736810699,0.189021052757205,-1,1,0,1,39.1176026222495,TRUE,NA,"Anchovy","ALL_FLEET"
"Anchovy",2002,2024,23,23,23,23,23,1,23,23,23,0,0,1,0.563501726092347,10.039460299876,0.288532878562573,0.893279931784386,-6.82082399051389e-06,2.47321567449669e-06,0.6602831678888,1.43095921536011,3.48857611603803,1,1,1,0.842885375494071,0.921442687747036,0.0869565217391304,0.565217391304348,0.999987633921627,94.2139940647273,53.2513879496285,0.0434782608695652,0,0.782608695652174,0.563501726092347,0.0608304565127556,2.00331257706768,0.19867496917293,-1,1,0,1,37.227440500488,TRUE,NA,"Anchovy","ALL_FLEET"
"Anchovy",2003,2024,22,22,22,22,22,1,22,22,22,0,0,1,0.565674555413444,9.55515978090424,0.253939984350303,0.888090997652545,-6.80406214161018e-06,4.73913890370214e-06,0.657359224649627,1.44501944786199,3.48857611603803,1,1,1,0.828345567476002,0.914172783738001,0.0909090909090909,0.545454545454545,0.999976304305481,94.1408984880718,51.3495809934937,0.0454545454545455,0,0.772727272727273,0.565674555413444,0.0572090743109271,1.96115547488139,0.215537810047445,-1,1,0,1,35.2387595650175,TRUE,NA,"Anchovy","ALL_FLEET"
"Anchovy",2004,2024,21,21,21,21,21,1,21,21,21,0,0,1,0.557443024336222,9.29369648893933,0.235264034924238,0.885289605238636,-6.90911064357741e-06,1.60190003926017e-05,0.633391548864318,1.26005392416294,3.48857611603803,1,1,1,0.812987012987013,0.906493506493506,0.0952380952380952,0.523809523809524,0.999919904998037,94.0621317398664,49.2706404351681,0.0476190476190476,0,0.761904761904762,0.557443024336222,0.070928292772963,1.93439588346049,0.226241646615803,-1,1,0,1,33.2333606252988,TRUE,NA,"Anchovy","ALL_FLEET"
"Anchovy",2005,2024,20,20,20,20,20,1,20,20,20,0,0,1,0.573337647676575,8.53324704646851,0.180946217604893,0.877141932640734,-7.10634087897652e-06,1.83436850595994e-05,0.648590641198099,1.2850798768556,3.48857611603803,1,1,1,0.825563909774436,0.912781954887218,0.1,0.5,0.999908281574702,94.1246094039868,47.0623047019934,0.05,0,0.75,0.573337647676575,0.0444372538723755,1.90256860617319,0.238972557530725,-1,1,0,1,30.9602406756252,TRUE,NA,"Anchovy","ALL_FLEET"
"Anchovy",2006,2024,19,19,19,19,19,1,19,19,19,0,0,1,0.574229036895262,8.08964829899003,0.149260592785002,0.87238908891775,-7.18830200659442e-06,4.13348533275019e-05,0.637850136313256,1.32512832927845,3.48857611603803,1,1,0.916666666666667,0.817543859649123,0.908771929824561,0.105263157894737,0.473684210526316,0.999793325733362,93.24715236558,44.1697037521168,0.0526315789473684,0,0.736842105263158,0.574229036895262,0.0429516051745641,1.85730177694657,0.257079289221371,-1,1,0,1,28.392860347214,TRUE,NA,"Anchovy","ALL_FLEET"
"Anchovy",2007,2024,18,18,18,18,18,1,18,18,18,0,0,1,0.571808746624143,7.70744256076543,0.121960182911816,0.868294027436772,-7.23876462113176e-06,9.94466298609468e-05,0.622511004839973,1.37073258229323,3.48857611603803,1,1,0.833333333333333,0.801857585139319,0.900928792569659,0.111111111111111,0.444444444444445,0.999502766850695,92.3252180988043,41.0334302661352,0.0555555555555556,0,0.722222222222222,0.571808746624143,0.0469854222930952,1.81173915541439,0.275304337834244,-1,1,0,1,25.7321150849595,TRUE,NA,"Anchovy","ALL_FLEET"
"Anchovy",2008,2024,17,17,17,17,17,1,17,17,17,0,0,1,0.570616768560947,7.2995149344639,0.0928224953188503,0.863923374297828,-7.43733109816614e-06,0.000193324258878634,0.615231915389127,1.42511663296388,3.48857611603803,1,1,0.75,0.78921568627451,0.894607843137255,0.117647058823529,0.411764705882353,0.999033378705607,91.4122466860688,37.6403368707342,0.0588235294117647,0,0.705882352941177,0.570616768560947,0.048972052398422,1.76256971750816,0.294972112996737,-1,1,0,1,22.9541412981682,TRUE,NA,"Anchovy","ALL_FLEET"
"Anchovy",2009,2024,16,16,16,16,16,1,16,16,16,0,0,1,0.570739149909487,6.86817360144821,0.0620124001034433,0.859301860015516,-7.65386388445276e-06,0.000456301202323665,0.596253521217577,1.49771672047741,3.48857611603803,1,1,0.666666666666667,0.755882352941176,0.877941176470588,0.125,0.375,0.997718493988382,90.3662257209659,33.8873346453622,0.0625,0.0625,0.47265625,0.570739149909487,0.048768083484188,1.71450133663057,0.314199465347771,-1,1,0,1,13.7634898933558,TRUE,NA,"Anchovy","ALL_FLEET"
"Anchovy",2010,2024,15,15,15,15,15,1,15,15,15,0,0,1,0.565719283355196,6.51421074967206,0.0367293392622902,0.855509400889343,-7.86222674565462e-06,0.00130991248312051,0.561059416026656,1.59115926542268,3.48857611603803,1,1,0.583333333333333,0.707142857142857,0.853571428571428,0.0666666666666667,0.666666666666667,0.993450437584397,89.1398129345015,59.4265419563344,0.0666666666666667,0.133333333333333,0.222222222222222,0.565719283355196,0.0571345277413402,1.67045291004873,0.331818835980508,-1,1,0,1,11.2977700679976,TRUE,NA,"Anchovy","ALL_FLEET"
"Anchovy",2011,2024,14,14,14,14,14,1,14,14,14,0,0,1,0.548038064197198,6.32746710123923,0.0233905072313739,0.853508576084706,-8.39561123597489e-06,0.00338264075766438,0.52486460055752,1.7127806178401,3.48857611603803,1,1,0.5,0.63956043956044,0.81978021978022,0,1,0.983086796211678,87.6058400652109,87.6058400652109,0.0714285714285714,0.0714285714285714,0.413265306122449,0.548038064197198,0.086603226338004,1.62345339644326,0.350618641422697,-1,1,0,1,30.9008122483254,TRUE,NA,"Anchovy","ALL_FLEET"
"Anchovy",2012,2024,13,13,13,13,13,1,13,13,13,0,0,1,0.486693244020128,6.67298782773833,0.0480705591241667,0.857210583868625,-1.0192045709457e-05,0.00764562676411918,0.490862316862908,1.19390406233105,3.48857611603803,1,1,0.416666666666667,0.549450549450549,0.774725274725275,0,1,0.961771866179404,85.5759347301986,85.5759347301986,0.0769230769230769,0.0769230769230769,0.378698224852071,0.486693244020128,0.188844593299786,1.58041862813336,0.367832548746656,-1,1,0,1,27.7800130556883,TRUE,NA,"Anchovy","ALL_FLEET"
"Anchovy",2013,2024,12,12,12,12,12,1,12,12,12,0,0,1,0.413873554984334,7.03351734018799,0.0738226671562852,0.861073400073443,-1.1415259079348e-05,0.00754952046613815,0.526616556814992,1.25475328865794,3.48857611603803,1,1,0.333333333333333,0.482517482517483,0.741258741258741,0,1,0.962252397669309,84.4247546643466,84.4247546643466,0.166666666666667,0.0833333333333333,0.0972222222222223,0.413873554984334,0.310210741692777,1.54183782534502,0.383264869861993,-1,1,0,1,7.06765797006064,TRUE,NA,"Anchovy","ALL_FLEET"
"Anchovy",2014,2024,11,11,11,11,11,1,11,11,11,0,0,1,0.135406773266137,9.51052549407249,0.250751821005178,0.887612773150777,-1.41178667677141e-05,0.0079345242629536,0.561548759320096,1.17283664525892,3.48857611603803,1,1,0.25,0.345454545454545,0.672727272727273,0,1,0.960327378685232,82.8387309812558,82.8387309812558,0.181818181818182,0.0909090909090909,0.0495867768595041,0.135406773266137,0.774322044556438,1.48052819762815,0.40778872094874,-1,1,0,1,3.64605201969737,TRUE,NA,"Anchovy","ALL_FLEET"
"Anchovy",2015,2024,10,10,10,10,10,1,10,10,10,0,0,1,0.0853699877178343,9.14630012282166,0.22473572305869,0.883710358458803,-1.86694446426647e-05,0.00217327739676164,0.711162316670481,1.25671582372905,3.48857611603803,1,1,0.166666666666667,0.175757575757576,0.587878787878788,0,1,0.989133613016192,82.1651310010213,82.1651310010213,0,0.1,0.5,0.0853699877178343,0.857716687136943,1.47249209877837,0.411003160488652,-1,1,0,1,36.3050886848635,TRUE,NA,"Anchovy","ALL_FLEET"
"Anchovy",2016,2024,9,9,9,9,9,1,9,9,9,0,0,1,0.0132842745451243,8.88044152909388,0.205745823506706,0.880861873526006,-1.98962742545152e-05,0.00171725707242612,0.775555938078447,1.22380625968518,3.48857611603803,1,1,0.0833333333333333,0.116666666666667,0.558333333333333,0,1,0.991413714637869,81.1161466789921,81.1161466789921,0,0.111111111111111,0.444444444444445,0.0132842745451243,0.977859542424793,1.50043877041412,0.399824491834352,-1,1,0,1,31.7564981941632,TRUE,NA,"Anchovy","ALL_FLEET"
"Anchovy",2017,2024,8,8,8,8,8,1,8,8,8,0,0,1,0.00291201554203229,7.97670387566374,0.141193133975982,0.871178970096397,-2.17154061264436e-05,0.0277968787226615,0.581462318884797,0.673600898169643,2.49163719056944,0.673600898169643,1,0,0.0238095238095238,0.511904761904762,0,1,0.861015606386693,68.7266118059747,68.7266118059747,0,0,1,0.00291201554203229,0.99514664076328,1.4886512849321,0.404539486027161,-1,1,0,1,59.873178891344,TRUE,NA,"Anchovy","ALL_FLEET"
"Demersal",1971,2024,54,52,52,52,52,1,52,52,52,0,0,1,0.868858510042587,6.81935747778549,0.0585255341275353,0.85877883011913,-4.01515471728793e-08,1.46518265967714e-15,0.723346071480064,1.63683274562353,5.74253865516001,1,1,1,0.181849227354222,0.590924613677111,0,1,0.999999999999993,90.9092461367708,90.9092461367708,0.0384615384615385,0.0576923076923077,0.574704142011834,0.868858510042587,0,1.95207332670518,0.219170669317928,-1,1,0,1,44.8676903154279,TRUE,NA,"Demersal","ALL_FLEET"
"Demersal",1972,2024,53,51,51,51,51,1,51,51,51,0,0,1,0.864189218241718,6.92634986967238,0.0661678478337415,0.859925177175061,-3.94387227260924e-08,1.49151436605509e-14,0.704009577232112,1.48976086287862,5.48795397339087,1,1,1,0.133393665158371,0.566696832579185,0,1,0.999999999999925,90.6669683257892,90.6669683257892,0.0392156862745098,0.0392156862745098,0.646289888504421,0.864189218241718,0,1.96965798816428,0.212136804734289,-1,1,0,1,50.389160167354,TRUE,NA,"Demersal","ALL_FLEET"
"Demersal",1973,2024,52,50,50,50,50,1,50,50,50,0,0,1,0.870481319632447,6.47593401837766,0.0339952870269758,0.855099293054046,-3.84102535228736e-08,8.7409387167738e-14,0.689614554943731,1.47139455783582,5.12765192376843,1,1,1,0.134981992797119,0.567490996398559,0,1,0.999999999999563,90.6749099639703,90.6749099639703,0.04,0.04,0.64,0.870481319632447,0,1.98897236913706,0.204411052345174,-1,1,0,1,49.6230729010754,TRUE,NA,"Demersal","ALL_FLEET"
"Demersal",1974,2024,51,49,49,49,49,1,49,49,49,0,0,1,0.875874223638706,6.08216304170342,0.0058687886931011,0.850880318303965,-3.76842789622366e-08,3.16487860165489e-13,0.680431923723057,1.45715292549419,5.12765192376843,1,1,1,0.157142857142857,0.578571428571429,0,1,0.999999999998418,90.7857142856589,90.7857142856589,0.0204081632653061,0.0612244897959184,0.623073719283632,0.875874223638706,0,2.01005868327809,0.195976526688763,-1,1,0,1,48.1310600139009,TRUE,NA,"Demersal","ALL_FLEET"
"Demersal",1975,2024,50,48,48,48,48,1,48,48,48,0,0,1,0.881584336489071,5.68395184852458,0,0.85,-3.67498233155867e-08,2.48004088854913e-12,0.659441679435277,1.34067393700523,5.12765192376843,1,1,1,0.118975249674338,0.559487624837169,0,1,0.9999999999876,90.5948762479377,90.5948762479377,0.0208333333333333,0.0416666666666667,0.709201388888889,0.881584336489071,0,2.03391008984854,0.186435964060586,-1,1,0,1,54.6125102520663,TRUE,NA,"Demersal","ALL_FLEET"
"Demersal",1976,2024,49,47,47,47,47,1,47,47,47,0,0,1,0.871421580810415,6.04318570191047,0.00308469299360535,0.850462703949041,-3.61061291384098e-08,1.04905003895038e-11,0.645808395784174,1.32635137452422,5.12765192376843,1,1,1,0.126965772432932,0.563482886216466,0,1,0.999999999947548,90.6348288603288,90.6348288603288,0.0425531914893617,0.0425531914893617,0.61973743775464,0.871421580810415,0,2.06444080392801,0.174223678428797,-1,1,0,1,47.7703171045538,TRUE,NA,"Demersal","ALL_FLEET"
"Demersal",1977,2024,48,46,46,46,46,1,46,46,46,0,0,1,0.872792509227915,5.85154457551591,0,0.85,-3.46604465005869e-08,6.13893012231082e-11,0.625577118787296,1.24669083939526,4.57892844300611,1,1,1,0.143139068763491,0.571569534381745,0,1,0.999999999693054,90.7156953330743,90.7156953330743,0.0217391304347826,0.0217391304347826,0.794423440453686,0.872792509227915,0,2.09605187487932,0.161579250048271,-1,1,0,1,61.2566735712019,TRUE,NA,"Demersal","ALL_FLEET"
"Demersal",1978,2024,47,45,45,45,45,1,45,45,45,0,0,1,0.866873517318128,5.99069172068425,0,0.85,-3.3659090445528e-08,1.59828043965656e-10,0.617681513204706,1.23593438158839,4.57892844300611,1,1,1,0.184057971014493,0.592028985507246,0,1,0.99999999920086,90.9202898271025,90.9202898271025,0.0444444444444444,0.0222222222222222,0.691358024691358,0.866873517318128,0,2.13636879834138,0.145452480663447,-1,1,0,1,53.4297011823467,TRUE,NA,"Demersal","ALL_FLEET"
"Demersal",1979,2024,46,44,44,44,44,1,44,44,44,0,0,1,0.861378104456482,6.0993634039148,0.00709738599391407,0.851064607899087,-3.22181784357007e-08,6.19463401103442e-10,0.601877558914859,1.22225846630047,4.47464940668824,1,1,1,0.234249471458774,0.617124735729387,0,1,0.999999996902683,91.1712472488878,91.1712472488878,0.0454545454545455,0.0227272727272727,0.684917355371901,0.861378104456482,0,2.1780456449697,0.12878174201212,-1,1,0,1,53.1445333138374,TRUE,NA,"Demersal","ALL_FLEET"
"Demersal",1980,2024,45,43,43,43,43,1,43,43,43,0,0,1,0.860060472020255,6.01739970312903,0.0012428359377881,0.850186425390668,-3.06555477749125e-08,2.28599319096147e-09,0.585611094980677,1.20873181558835,4.32650125854009,1,1,1,0.289036544850498,0.644518272425249,0,1,0.999999988570034,91.4451823242037,91.4451823242037,0.0697674418604651,0.0232558139534884,0.575446187128177,0.860060472020255,0,2.22633969791107,0.109464120835572,-1,1,0,1,44.7383243109221,TRUE,NA,"Demersal","ALL_FLEET"
"Demersal",1981,2024,44,42,42,42,42,1,42,42,42,0,0,1,0.868268625458055,5.5327177307617,0,0.85,-2.91183393930684e-08,8.39939324995104e-09,0.567946059066379,1.19542925156753,4.32650125854009,1,1,1,0.336682602706426,0.668341301353213,0,1,0.999999958003034,91.6834115436383,91.6834115436383,0.0714285714285714,0.0238095238095238,0.566326530612245,0.868268625458055,0,2.28535539059824,0.0858578437607042,-1,1,0,1,44.1343361180728,TRUE,NA,"Demersal","ALL_FLEET"
"Demersal",1982,2024,43,41,41,41,41,1,41,41,41,0,0,1,0.847006985592839,6.27271359069361,0.0194795421924006,0.85292193132886,-2.81065299932621e-08,2.16189862273567e-08,0.556623224877335,1.18500103493639,4.32650125854009,1,1,1,0.374564459930314,0.687282229965157,0,1,0.999999891905069,91.872818516329,91.872818516329,0.0731707317073171,0.024390243902439,0.556811421772754,0.847006985592839,0,2.39134815979566,0.043460736081735,-1,1,0,1,43.6319333313602,TRUE,NA,"Demersal","ALL_FLEET"
"Demersal",1983,2024,42,40,40,40,40,1,40,40,40,0,0,1,0.845909463347162,6.16362146611352,0.0116872475795368,0.851753087136931,-2.69207867834509e-08,3.74630271060902e-08,0.553620053272712,1.17571732452921,4.32650125854009,1,1,1,0.425703564727955,0.712851782363978,0.025,0.875,0.999999812684864,92.12851126761,80.6124473591588,0.075,0.025,0.546875,0.845909463347162,0,2.55214007226997,0,-1,1,0,1,37.5494770545928,TRUE,NA,"Demersal","ALL_FLEET"
"Demersal",1984,2024,41,39,39,39,39,1,39,39,39,0,0,1,0.807246251308124,7.51739619898316,0.108385442784511,0.866257816417677,-2.56135387185862e-08,9.68410846844025e-08,0.540819571456069,1.16439579907376,4.32650125854009,1,1,1,0.472267206477733,0.736133603238866,0.0512820512820513,0.743589743589744,0.999999515794577,92.3613190851988,68.6789295761735,0.102564102564103,0.0769230769230769,0.299802761341223,0.807246251308124,0,2.72461198509783,0,-1,1,0,1,17.8363634209488,TRUE,NA,"Demersal","ALL_FLEET"
"Demersal",1985,2024,40,38,38,38,38,1,38,38,38,0,0,1,0.774950910080605,8.55186541693701,0.182276101209787,0.877341415181468,-2.28632064048847e-08,5.83675755099807e-07,0.504706944530503,1.1474778894304,4.01438331535419,1,1,1,0.521610679505416,0.760805339752708,0.0789473684210526,0.605263157894737,0.999997081621224,92.6079512542699,56.0521810223213,0.0789473684210526,0.0789473684210526,0.366343490304709,0.774950910080605,0,2.51284286589286,0,-1,1,0,1,18.0156371232046,TRUE,NA,"Demersal","ALL_FLEET"
"Demersal",1986,2024,39,37,37,37,37,1,37,37,37,0,0,1,0.71277767913937,10.6272258718433,0.330516133703093,0.899577420055464,-1.98731323009411e-08,4.42913590525656e-06,0.456757518237356,1.113776955931,3.50449478604818,1,1,1,0.548127074442864,0.774063537221432,0.0810810810810811,0.594594594594595,0.999977854320474,92.7398602734309,55.14261962204,0.0540540540540541,0.0540540540540541,0.532505478451424,0.71277767913937,0,2.01975870032804,0.192096519868783,-1,1,0,1,26.4149638098118,TRUE,NA,"Demersal","ALL_FLEET"
"Demersal",1987,2024,38,36,36,36,36,1,36,36,36,0,0,1,0.645159104702705,12.7742722307026,0.483876587907331,0.9225814881861,-1.73345313440478e-08,1.60507597849402e-05,0.425946473096389,1.1001212758476,2.69830996044588,1,1,1,0.603603603603604,0.801801801801802,0.0555555555555556,0.722222222222222,0.999919746201075,93.0152091350557,67.1776510419846,0.0277777777777778,0.0833333333333333,0.502314814814815,0.645159104702705,0,1.22893882850304,0.508424468598782,-1,1,0,1,31.1318935829673,TRUE,NA,"Demersal","ALL_FLEET"
"Demersal",1988,2024,37,35,35,35,35,1,35,35,35,0,0,1,0.644332985422329,12.4483455102185,0.460596107872748,0.919089416180912,-1.66239683905709e-08,1.06009375047864e-05,0.44920756754647,1.09567432736873,2.39410284070478,1,1,1,0.655742296918768,0.827871148459384,0.0571428571428571,0.714285714285714,0.999946995312476,93.2768563205305,66.6263259432361,0.0285714285714286,0.0571428571428571,0.612244897959184,0.644332985422329,0,1.38739038906812,0.445043844372751,-1,1,0,1,37.4911536817028,TRUE,NA,"Demersal","ALL_FLEET"
"Demersal",1989,2024,36,34,34,34,34,1,34,34,34,0,0,1,0.63305304977235,12.4761963077401,0.462585450552865,0.91938781758293,-1.65354341363762e-08,9.08209050625642e-06,0.464555320251585,1.09471159057146,2.39410284070478,1,1,1,0.675171886936593,0.837585943468296,0.0882352941176471,0.558823529411765,0.999954589547469,93.3742700688444,52.1797391561189,0.0588235294117647,0.0588235294117647,0.498269896193772,0.63305304977235,0,1.44940562164419,0.420237751342322,-1,1,0,1,23.9037092619026,TRUE,NA,"Demersal","ALL_FLEET"
"Demersal",1990,2024,35,33,33,33,33,1,33,33,33,0,0,1,0.632268898225664,12.1351263585531,0.438223311325221,0.915733496698783,-1.78891659030176e-08,5.90021298995613e-06,0.489361206234971,1.02242404858557,2.39410284070478,1,1,1,0.644719251336898,0.822359625668449,0.0606060606060606,0.696969696969697,0.99997049893505,93.2225637194113,64.9733019862563,0.0303030303030303,0.0303030303030303,0.719926538108356,0.632268898225664,0,1.42629657913803,0.429481368344786,-1,1,0,1,42.8343540419039,TRUE,NA,"Demersal","ALL_FLEET"
"Demersal",1991,2024,34,32,32,32,32,1,32,32,32,0,0,1,0.609066805749061,12.50986221603,0.46499015828786,0.919748523743179,-1.91189175744323e-08,3.03346160870489e-06,0.521908308645366,1.03561558220698,2.39410284070478,1,1,1,0.61950146627566,0.80975073313783,0.0625,0.6875,0.999984832691956,93.0969764755968,64.0041713269728,0.0625,0.0625,0.47265625,0.609066805749061,0,1.41245811936019,0.435016752255923,-1,1,0,1,27.8242062228829,TRUE,NA,"Demersal","ALL_FLEET"
"Demersal",1992,2024,33,31,31,31,31,1,31,31,31,0,0,1,0.607496727159159,12.1676014580661,0.440542961290434,0.916081444193565,-2.0639919054615e-08,7.89917875575438e-07,0.574431379277446,1.04822940576284,2.39410284070478,1,1,1,0.6,0.8,0.0645161290322581,0.67741935483871,0.999996050410622,92.9998617643718,62.9999063565099,0.032258064516129,0.0645161290322581,0.568158168574402,0.607496727159159,0,1.41266164272841,0.434935342908636,-1,1,0,1,32.7901380631899,TRUE,NA,"Demersal","ALL_FLEET"
"Demersal",1993,2024,32,30,30,30,30,1,30,30,30,0,0,1,0.529833459984856,14.1049962004543,0.578928300032451,0.936839245004868,-2.05829035436807e-08,6.33625405082537e-07,0.593719223288002,1.04763272291288,2.39410284070478,1,1,1,0.640044493882091,0.820022246941046,0.0666666666666667,0.666666666666667,0.999996831872975,93.2001115849646,62.1334077233097,0.0333333333333333,0.0666666666666667,0.555555555555556,0.529833459984856,0.116944233358573,1.47130175838993,0.41147929664403,-1,1,0,1,32.3383415450473,TRUE,NA,"Demersal","ALL_FLEET"
"Demersal",1996,2024,29,29,29,29,29,1,29,29,29,0,0,1,0.634817611298931,10.590289272331,0.327877805166499,0.899181670774975,-2.00947592569246e-08,2.53665447815454e-07,0.632505554549177,1.04408266513786,2.38173318950018,1,1,1,0.708374384236453,0.854187192118226,0.0344827586206897,0.827586206896552,0.999998731672761,93.5418275297289,77.4139262314998,0.0344827586206897,0.0689655172413793,0.542211652794293,0.634817611298931,0,1.62413894501722,0.350344421993113,-1,1,0,1,37.7429104515117,TRUE,NA,"Demersal","ALL_FLEET"
"Demersal",1997,2024,28,28,28,28,28,1,28,28,28,0,0,1,0.63591861344908,10.1942788234258,0.299591344530411,0.894938701679562,-2.01284625648243e-08,4.40612873092588e-07,0.63156849473526,1.04912632532987,2.38173318950018,1,1,1,0.713191023535851,0.856595511767926,0.0357142857142857,0.821428571428571,0.999997796935635,93.5658780104264,76.8576855085646,0.0357142857142857,0.0357142857142857,0.674744897959184,0.63591861344908,0,1.60106645892658,0.35957341642937,-1,1,0,1,46.4109225035411,TRUE,NA,"Demersal","ALL_FLEET"
"Demersal",1998,2024,27,27,27,27,27,1,27,27,27,0,0,1,0.635993055635358,9.82818749784534,0.27344196413181,0.891016294619771,-2.01282382305248e-08,7.39656097215078e-07,0.631561273717097,1.0493861186336,2.38173318950018,1,1,1,0.700854700854701,0.85042735042735,0.037037037037037,0.814814814814815,0.999996301719514,93.5041440644565,76.1885618302979,0.037037037037037,0.037037037037037,0.663923182441701,0.635993055635358,0,1.58941902888166,0.364232388447338,-1,1,0,1,45.0705912569954,TRUE,NA,"Demersal","ALL_FLEET"
"Demersal",1999,2024,26,26,26,26,26,1,26,26,26,0,0,1,0.630696660578414,9.60188682496123,0.257277630354374,0.888591644553156,-2.01150703105987e-08,1.26488582947771e-06,0.631017612289221,1.04702418708667,2.38173318950018,1,1,1,0.694358974358974,0.847179487179487,0.0384615384615385,0.807692307692308,0.999993675570853,93.4715735167747,75.496270917395,0.0384615384615385,0.0384615384615385,0.652366863905326,0.630696660578414,0,1.59280581267187,0.362877674931252,-1,1,0,1,43.764263002462,TRUE,NA,"Demersal","ALL_FLEET"
"Demersal",2000,2024,25,25,25,25,25,1,25,25,25,0,0,1,0.59401254944965,10.1496862637588,0.296406161697054,0.894460924254558,-2.03722490022006e-08,1.14510475597377e-06,0.649924859098844,1.0513457152874,2.38173318950018,1,1,1,0.708461538461538,0.854230769230769,0.04,0.8,0.99999427447622,93.5421072989754,74.8336858391803,0.04,0.04,0.64,0.59401254944965,0.00997908425058347,1.61603751572926,0.353584993708296,-1,1,0,1,42.8389169926966,TRUE,NA,"Demersal","ALL_FLEET"
"Demersal",2001,2024,24,24,24,24,24,1,24,24,24,0,0,1,0.566593727729694,10.4017505344873,0.314410752463382,0.897161612869507,-2.11900653032618e-08,5.62628260309461e-07,0.687010834973818,1.0622166690655,2.38173318950018,1,1,1,0.709565217391304,0.854782608695652,0.0416666666666667,0.791666666666667,0.999997186858698,93.547727627011,74.058617704717,0.0416666666666667,0,0.791666666666667,0.566593727729694,0.0556771204505102,1.62811512747322,0.348753949010711,-1,1,0,1,52.6003512179231,TRUE,NA,"Demersal","ALL_FLEET"
"Demersal",2002,2024,23,23,23,23,23,1,23,23,23,0,0,1,0.556138401977603,10.2088167545151,0.300629768179652,0.895094465226948,-2.21734214710182e-08,2.69841659188759e-07,0.723838160479438,1.07596143074531,2.38173318950018,1,1,1,0.706521739130435,0.853260869565217,0.0434782608695652,0.782608695652174,0.999998650791704,93.5325614733618,73.1993959356745,0.0434782608695652,0,0.782608695652174,0.556138401977603,0.0731026633706608,1.62942321694029,0.348230713223882,-1,1,0,1,51.2768145599829,TRUE,NA,"Demersal","ALL_FLEET"
"Demersal",2003,2024,22,22,22,22,22,1,22,22,22,0,0,1,0.540396521780464,10.1112765208298,0.293662608630699,0.894049391294605,-2.30069542886449e-08,1.98889125913147e-07,0.749027459872794,1.0905138295984,2.38173318950018,1,1,1,0.700734048560135,0.850367024280068,0.0454545454545455,0.772727272727273,0.99999900555437,93.5036354372036,72.2528092014755,0.0454545454545455,0.0454545454545455,0.597107438016529,0.540396521780464,0.0993391303658933,1.62072476195743,0.351710095217026,-1,1,0,1,38.5716955471619,TRUE,NA,"Demersal","ALL_FLEET"
"Demersal",2004,2024,21,21,21,21,21,1,21,21,21,0,0,1,0.54723335601352,9.50809952371609,0.250578537408292,0.887586780611244,-2.39167481329419e-08,1.76682419644426e-07,0.769825972554741,1.10823106372514,2.38173318950018,1,1,1,0.690909090909091,0.845454545454545,0.0476190476190476,0.761904761904762,0.999999116587902,93.454514535122,71.2034396458073,0,0.0476190476190476,0.761904761904762,0.54723335601352,0.0879444066441337,1.6030672881282,0.358773084748718,-1,1,0,1,48.1517956294621,TRUE,NA,"Demersal","ALL_FLEET"
"Demersal",2005,2024,20,20,20,20,20,1,20,20,20,0,0,1,0.51686303215062,9.66273935698761,0.261624239784829,0.889243635967724,-2.40727838037029e-08,2.56819854411312e-07,0.779358420765695,1.11284981599522,2.38173318950018,1,1,1,0.693233082706767,0.846616541353383,0.05,0.75,0.999998715900728,93.4661204700593,70.0995903525445,0,0.05,0.75,0.51686303215062,0.138561613082301,1.62108695983569,0.351565216065724,-1,1,0,1,46.7517109537085,TRUE,NA,"Demersal","ALL_FLEET"
"Demersal",2006,2024,19,19,19,19,19,1,19,19,19,0,0,1,0.500071439435265,9.49864265072996,0.249903046480712,0.887485456972107,-2.44919140825976e-08,2.80720541406664e-07,0.796423170792336,1.12289513807008,2.38173318950018,1,1,0.916666666666667,0.703508771929825,0.851754385964912,0.0526315789473684,0.736842105263158,0.999998596397293,92.684161400221,68.2935926106892,0,0.0526315789473684,0.736842105263158,0.500071439435265,0.166547600941225,1.63401672930584,0.346393308277665,-1,1,0,1,44.6596833394264,TRUE,NA,"Demersal","ALL_FLEET"
"Demersal",2007,2024,18,18,18,18,18,1,18,18,18,0,0,1,0.545853530627615,8.17463644870293,0.155331174907352,0.873299676236103,-2.46568280529671e-08,3.99381783629633e-07,0.807936684235772,1.12786086610659,2.38173318950018,1,1,0.833333333333333,0.700722394220846,0.850361197110423,0.0555555555555556,0.722222222222222,0.999998003091082,91.8368754126254,66.3266322424517,0,0.0555555555555556,0.722222222222222,0.545853530627615,0.0902441156206421,1.66707348825864,0.333170604696543,-1,1,0,1,41.833296890063,TRUE,NA,"Demersal","ALL_FLEET"
"Demersal",2008,2024,17,17,17,17,17,1,17,17,17,0,0,1,0.551194639065429,7.62969113588771,0.116406509706265,0.86746097645594,-2.45842007971651e-08,1.13496787250048e-06,0.803103550891251,1.1437390946562,2.38173318950018,1,1,0.75,0.683823529411765,0.841911764705882,0.0588235294117647,0.705882352941177,0.999994325160637,90.9189190276811,64.1780604901279,0,0.0588235294117647,0.705882352941177,0.551194639065429,0.0813422682242856,1.63900500135279,0.344397999458886,-1,1,0,1,39.297856249281,TRUE,NA,"Demersal","ALL_FLEET"
"Demersal",2009,2024,16,16,16,16,16,1,16,16,16,0,0,1,0.549823431385199,7.20282509783682,0.0859160784169157,0.862887411762537,-2.45831184267864e-08,2.23558101078048e-06,0.807681402654189,1.14368437415528,2.38173318950018,1,1,0.666666666666667,0.673529411764706,0.836764705882353,0.0625,0.6875,0.999988822094946,90.0339224988133,61.8983217179341,0,0,1,0.549823431385199,0.083627614358002,1.69612697276242,0.32154921089503,-1,1,0,1,53.411282619633,TRUE,NA,"Demersal","ALL_FLEET"
"Demersal",2010,2024,15,15,15,15,15,1,15,15,15,0,0,1,0.53626553664853,6.95601695027205,0.0682869250194322,0.860243038752915,-2.50843449965293e-08,8.20582654315913e-06,0.794392874073928,1.18478312290133,2.38173318950018,1,1,0.583333333333333,0.639285714285714,0.819642857142857,0.0666666666666667,0.666666666666667,0.999958970867284,89.0283258851168,59.3522172567446,0,0.0666666666666667,0.666666666666667,0.53626553664853,0.106224105585783,1.66801255451834,0.332794978192663,-1,1,0,1,34.0382211531101,TRUE,NA,"Demersal","ALL_FLEET"
"Demersal",2011,2024,14,14,14,14,14,1,14,14,14,0,0,1,0.471566359301952,7.39807096977268,0.0998622121266198,0.864979331818993,-2.68795545557969e-08,1.7776686572295e-05,0.796240267709252,1.2395349657842,2.38173318950018,1,1,0.5,0.586813186813187,0.793406593406593,0,1,0.999911116567138,87.9309550139158,87.9309550139158,0,0.0714285714285714,0.642857142857143,0.471566359301952,0.21405606783008,1.64096400867368,0.343614396530528,-1,1,0,1,48.8947234590918,TRUE,NA,"Demersal","ALL_FLEET"
"Demersal",2012,2024,13,13,13,13,13,1,13,13,13,0,0,1,0.427651572721834,7.44052955461616,0.102894968186869,0.86543424522803,-2.837256972165e-08,1.05098373324964e-05,0.840272761348399,1.26921123719934,2.38173318950018,1,1,0.416666666666667,0.516483516483517,0.758241758241758,0,1,0.999947450813337,86.7472450275511,86.7472450275511,0.0769230769230769,0.153846153846154,0.142011834319527,0.427651572721834,0.287247378796944,1.70746894670251,0.317012421318995,-1,1,0,1,10.6614016368326,TRUE,NA,"Demersal","ALL_FLEET"
"Demersal",2013,2024,12,12,12,12,12,1,12,12,12,0,0,1,0.438774781497359,6.73470262203169,0.0524787587165493,0.857871813807482,-3.15295379860165e-08,1.62835726361945e-05,0.855935007001257,1.34384899901577,2.38173318950018,1,1,0.333333333333333,0.398601398601399,0.699300699300699,0,1,0.999918582136819,85.323490701129,85.323490701129,0.0833333333333333,0.0833333333333333,0.340277777777778,0.438774781497359,0.268708697504401,1.69638833810123,0.321444664759508,-1,1,0,1,24.9071824213889,TRUE,NA,"Demersal","ALL_FLEET"
"Demersal",2014,2024,11,11,11,11,11,1,11,11,11,0,0,1,0.264886579872604,8.08624762140136,0.149017687242954,0.872352653086443,-3.74585975436211e-08,0.000222215168293066,0.795919532944015,0.914081087172521,1.96732802661281,0.914081087172521,0.976237528491811,0.25,0.227272727272727,0.613636363636364,0,1,0.998888924158535,81.403848295199,81.403848295199,0.181818181818182,0.0909090909090909,0.0495867768595041,0.264886579872604,0.558522366878994,1.76969876498483,0.292120494006066,-1,1,0,1,3.52129899331057,TRUE,NA,"Demersal","ALL_FLEET"
"Demersal",2015,2024,10,10,10,10,10,1,10,10,10,0,0,1,0.406221876703468,5.93778123296532,0,0.85,-4.74520869426139e-08,0.000188570837228472,0.840699124701147,0.786343418467226,1.96732802661281,0.786343418467226,0.976237528491811,0.166666666666667,-0.0303030303030303,0.484848484848485,0,1,0.999057145813858,76.7337705578173,76.7337705578173,0.1,0.1,0.25,0.406221876703468,0.322963538827554,1.8043938408127,0.278242463674921,-1,1,0,1,16.3059262435362,TRUE,NA,"Demersal","ALL_FLEET"
"Demersal",2016,2024,9,9,9,9,9,1,9,9,9,0,0,1,0.388816330347969,5.50065302686828,0,0.85,-4.6519019768859e-08,0.000548429506458479,0.836692978839336,0.797704241787836,1.96732802661281,0.797704241787836,0.976237528491811,0.0833333333333333,0.0333333333333333,0.516666666666667,0,1,0.997257852467708,76.3828602419627,76.3828602419627,0.111111111111111,0.111111111111111,0.197530864197531,0.388816330347969,0.351972782753386,1.49506157086869,0.401975371652522,-1,1,0,1,12.824776534453,TRUE,NA,"Demersal","ALL_FLEET"
"Demersal",2017,2024,8,8,8,8,8,1,8,8,8,0,0,1,0.226496269417887,6.18802984465691,0.0134307031897791,0.852014605478467,-4.00012054053813e-08,0.0172898836783443,0.63888536677928,0.545109790759833,1.59589437162683,0.545109790759833,0.674365166238716,0,0.261904761904762,0.630952380952381,0,1,0.913550581608278,62.6732933057845,62.6732933057845,0.25,0,0,0.226496269417887,0.622506217636856,0.720679186229899,0.711728325508041,-1,1,0,1,0,TRUE,NA,"Demersal","ALL_FLEET"
"Pelagic",1971,2024,54,52,52,52,52,1,52,52,52,0,0,1,0.558587302499779,22.9534602700115,1,1,-1.21531964972446e-06,0.394723221939927,0.01452572119638,1.06203662924529,11.8321689166262,1,1,1,0.585417911722018,0.792708955861009,0.0384615384615385,0.807692307692308,0,57.9270895586101,46.7872646434928,0.0384615384615385,0.0576923076923077,0.574704142011834,0.558587302499779,0.069021162500368,3.13311156777869,0,-1,1,0,1,26.8888347840191,TRUE,NA,"Pelagic","ALL_FLEET"
"Pelagic",1972,2024,53,51,51,51,51,1,51,51,51,0,0,1,0.414275092977815,29.8719702581315,1,1,-4.519774758468e-07,0.677080517541206,0.00356930798074502,1.06627201757994,6.14663736273309,1,1,1,0.647330316742081,0.823665158371041,0.0392156862745098,0.803921568627451,0,58.2366515837104,46.8177002927868,0.0588235294117647,0.0588235294117647,0.498269896193772,0.414275092977815,0.309541511703642,2.37380622882826,0.050477508468697,-1,1,0,1,23.327850664918,TRUE,NA,"Pelagic","ALL_FLEET"
"Pelagic",1973,2024,52,50,50,50,50,1,50,50,50,0,0,1,0.447732207647516,27.6133896176242,1,1,-1.35424088048982e-06,0.127950801498972,0.0476076579486194,1.05915563191078,2.91252452093829,1,1,1,0.630060024009604,0.815030012004802,0.08,0.6,0.36024599250514,70.7589098577279,42.4553459146367,0.08,0.06,0.42,0.447732207647516,0.253779653920807,1.88261931890152,0.246952272439393,-1,1,0,1,17.8312452841474,TRUE,NA,"Pelagic","ALL_FLEET"
"Pelagic",1974,2024,51,49,49,49,49,1,49,49,49,0,0,1,0.434839572525939,27.692860946229,1,1,-1.91422477857851e-06,0.0282665089373198,0.0982903330893244,1.02531227806011,2.8445660945803,1,1,1,0.606938775510204,0.803469387755102,0.0816326530612245,0.591836734693878,0.858667455313401,88.0880548135201,52.133746726369,0.0816326530612245,0.0612244897959184,0.410662224073303,0.434839572525939,0.275267379123435,1.03012661048535,0.587949355805861,-1,1,0,1,21.409360379925,TRUE,NA,"Pelagic","ALL_FLEET"
"Pelagic",1975,2024,50,48,48,48,48,1,48,48,48,0,0,1,0.386797021736183,29.4337429566632,1,1,-2.33035575074587e-06,0.00798506908676066,0.14326289323778,1.01704361381386,2.8445660945803,1,1,1,0.582066869300912,0.791033434650456,0.0625,0.6875,0.960074654566197,91.5129472563214,62.915151238721,0.0625,0.0625,0.47265625,0.386797021736183,0.355338297106362,0.762025629032491,0.695189748387004,-1,1,0,1,29.7372394526767,TRUE,NA,"Pelagic","ALL_FLEET"
"Pelagic",1976,2024,49,47,47,47,47,1,47,47,47,0,0,1,0.467911448889613,25.0081619021882,1,1,-2.3797254126257e-06,0.00451872287962383,0.165682162183434,1.01618960734731,2.5433005214864,1,1,1,0.595282146160962,0.797641073080481,0.0425531914893617,0.787234042553192,0.977406385601881,92.1856342268706,72.5716694977492,0.0638297872340425,0.0638297872340425,0.463558171118153,0.467911448889613,0.220147585183979,0.90261057676882,0.638955769292472,-1,1,0,1,33.6411903873677,TRUE,NA,"Pelagic","ALL_FLEET"
"Pelagic",1977,2024,48,46,46,46,46,1,46,46,46,0,0,1,0.446880806198593,25.4434829148647,1,1,-2.36749089206844e-06,0.00513751081404036,0.164701392582202,1.01497365272254,2.5433005214864,1,1,1,0.608757323465927,0.804378661732963,0.0434782608695652,0.782608695652174,0.974312445929798,92.1447222248726,72.1132608716394,0.0652173913043478,0.0652173913043478,0.454158790170132,0.446880806198593,0.255198656335678,0.892721006574529,0.642911597370188,-1,1,0,1,32.7508713126869,TRUE,NA,"Pelagic","ALL_FLEET"
"Pelagic",1978,2024,47,45,45,45,45,1,45,45,45,0,0,1,0.602554136253249,17.8850638686038,0.848933133471698,0.977339970020755,-2.46445694252684e-06,0.00245580844214262,0.194087543383925,1.01689528056295,2.5433005214864,1,1,1,0.605797101449275,0.802898550724638,0.0222222222222222,0.888888888888889,0.987720957789287,92.5992190298714,82.3104169154413,0.0666666666666667,0.0666666666666667,0.444444444444445,0.602554136253249,0,0.853054684217497,0.658778126313001,-1,1,0,1,35.7534490669036,TRUE,NA,"Pelagic","ALL_FLEET"
"Pelagic",1979,2024,46,44,44,44,44,1,44,44,44,0,0,1,0.6597533182741,14.9708539959396,0.640775285424257,0.946116292813639,-2.51469094595007e-06,0.00170453934186554,0.211098423093971,1.01544914240182,2.5433005214864,1,1,1,0.611557434813249,0.805778717406624,0.0227272727272727,0.886363636363636,0.991477303290672,92.7594927892398,82.2186413359171,0.0681818181818182,0.0681818181818182,0.434400826446281,0.6597533182741,0,0.94998262819084,0.620006948723664,-1,1,0,1,33.7913435715429,TRUE,NA,"Pelagic","ALL_FLEET"
"Pelagic",1980,2024,45,43,43,43,43,1,43,43,43,0,0,1,0.666953791751918,14.3209869546675,0.594356211047681,0.939153431657152,-2.5331641298014e-06,0.00184949627342216,0.212791071147685,1.01851262112481,2.5433005214864,1,1,1,0.596043491392329,0.798021745696164,0.0232558139534884,0.883720930232558,0.990752518632889,92.6565556091128,81.8825375150299,0.0697674418604651,0.0697674418604651,0.424012979989183,0.666953791751918,0,0.962236183719617,0.615105526512153,-1,1,0,1,32.6067109910374,TRUE,NA,"Pelagic","ALL_FLEET"
"Pelagic",1981,2024,44,42,42,42,42,1,42,42,42,0,0,1,0.676151151477024,13.601651637965,0.542975116997501,0.931446267549625,-2.5193780482674e-06,0.00213853956047447,0.212246793265821,1.01968954185029,2.5433005214864,1,1,1,0.59581881533101,0.797909407665505,0.0238095238095238,0.880952380952381,0.989307302197628,92.604849653572,81.5804627900516,0.0714285714285714,0.0714285714285714,0.413265306122449,0.676151151477024,0,1.01419966462578,0.594320134149689,-1,1,0,1,31.4031286899588,TRUE,NA,"Pelagic","ALL_FLEET"
"Pelagic",1982,2024,43,41,41,41,41,1,41,41,41,0,0,1,0.682566161990502,13.0147873583894,0.501056239884959,0.925158435982744,-2.53939363774833e-06,0.00231557566618883,0.214141752627815,1.02298747421938,2.5433005214864,1,1,1,0.577700348432056,0.788850174216028,0.024390243902439,0.878048780487805,0.988422121669056,92.4832760005772,81.2048277078239,0.0731707317073171,0.0731707317073171,0.402141582391434,0.682566161990502,0,1.03042569918365,0.58782972032654,-1,1,0,1,30.2118239286014,TRUE,NA,"Pelagic","ALL_FLEET"
"Pelagic",1983,2024,42,40,40,40,40,1,40,40,40,0,0,1,0.699791443641325,12.008342254347,0.42916730388193,0.914375095582289,-2.50712430099248e-06,0.00304281745523994,0.20871317723147,1.02724222181459,2.5433005214864,1,1,1,0.567729831144465,0.783864915572233,0.025,0.875,0.9847859127238,92.3061561010554,80.7678865884234,0.05,0.075,0.46875,0.699791443641325,0,1.09471885776045,0.56211245689582,-1,1,0,1,34.6181925090324,TRUE,NA,"Pelagic","ALL_FLEET"
"Pelagic",1984,2024,41,39,39,39,39,1,39,39,39,0,0,1,0.729016527605815,10.5683554233732,0.326311101669516,0.898946665250427,-2.47976664312339e-06,0.00275651408088652,0.217641985458112,1.02637726371892,2.5433005214864,1,1,1,0.582995951417004,0.791497975708502,0.0256410256410256,0.871794871794872,0.986217429595567,92.4325897929299,80.5822577681953,0.0769230769230769,0.0769230769230769,0.378698224852071,0.729016527605815,0,1.05796935681546,0.576812257273814,-1,1,0,1,27.4325782339671,TRUE,NA,"Pelagic","ALL_FLEET"
"Pelagic",1985,2024,40,38,38,38,38,1,38,38,38,0,0,1,0.716438963117032,10.7753194015528,0.341094242968057,0.901164136445209,-2.60892636322071e-06,0.00293313899100967,0.220543849060013,1.03922154571003,2.5433005214864,1,1,1,0.553561658824817,0.776780829412408,0.0263157894736842,0.868421052631579,0.985334305044952,92.2545089706974,80.1157577903425,0.0789473684210526,0.0526315789473684,0.445983379501385,0.716438963117032,0,1.11291878434237,0.554832486263052,-1,1,0,1,32.198861709836,TRUE,NA,"Pelagic","ALL_FLEET"
"Pelagic",1986,2024,39,37,37,37,37,1,37,37,37,0,0,1,0.706340076340468,10.8654171754027,0.347529798243048,0.902129469736457,-2.72257585518031e-06,0.00160064346801509,0.250640318957956,1.04264128523681,2.5433005214864,1,1,1,0.526789947842579,0.76339497392129,0.027027027027027,0.864864864864865,0.991996782659925,92.3538371323103,79.8735888711873,0.108108108108108,0.0540540540540541,0.335281227173119,0.706340076340468,0,1.07888218579993,0.568447125680029,-1,1,0,1,24.1591308501163,TRUE,NA,"Pelagic","ALL_FLEET"
"Pelagic",1987,2024,38,36,36,36,36,1,36,36,36,0,0,1,0.691600181449363,11.1023934678229,0.364456676273068,0.90466850144096,-3.02076322505869e-06,0.000573017422113654,0.298043801205823,1.05253061224052,2.5433005214864,1,1,1,0.488030888030888,0.744015444015444,0.0555555555555556,0.722222222222222,0.997134912889432,92.3398763912845,66.6899107270388,0.166666666666667,0.0555555555555556,0.12037037037037,0.691600181449363,0,1.06704639472944,0.573181442108224,-1,1,0,1,7.26221667391298,TRUE,NA,"Pelagic","ALL_FLEET"
"Pelagic",1988,2024,37,35,35,35,35,1,35,35,35,0,0,1,0.65514557708113,12.0699048021604,0.433564628725745,0.915034694308862,-3.35235678981059e-06,0.000159132160547774,0.354997320871876,1.0627290165125,2.5433005214864,1,1,1,0.444257703081233,0.722128851540616,0.0857142857142857,0.571428571428571,0.999204339197261,92.1934403873103,52.6819659356059,0.142857142857143,0.0571428571428571,0.204081632653061,0.65514557708113,0,1.05339405512741,0.578642377949034,-1,1,0,1,9.83792379499531,TRUE,NA,"Pelagic","ALL_FLEET"
"Pelagic",1989,2024,36,34,34,34,34,1,34,34,34,0,0,1,0.581614450042247,14.2251086985636,0.587507764183116,0.938126164627467,-4.36257316318889e-06,7.38159810346624e-06,0.471238271807381,1.0477429979908,2.5433005214864,1,1,1,0.393735676088617,0.696867838044309,0.0882352941176471,0.558823529411765,0.999963092009483,91.967386600775,51.3935395710213,0.117647058823529,0.0294117647058824,0.35121107266436,0.581614450042247,0.0306425832629224,1.08732352350936,0.565070590596257,-1,1,0,1,16.9331586598125,TRUE,NA,"Pelagic","ALL_FLEET"
"Pelagic",1990,2024,35,33,33,33,33,1,33,33,33,0,0,1,0.485306629988811,16.9848812103692,0.784634372169231,0.967695155825385,-4.91603740576101e-06,2.25476808830209e-07,0.58420899988925,1.0579077351941,2.5433005214864,1,1,1,0.344585561497326,0.672292780748663,0.0606060606060606,0.696969696969697,0.999998872615956,91.7228883490451,63.9280736978193,0.0909090909090909,0.0303030303030303,0.462809917355372,0.485306629988811,0.191155616685315,1.05904806683795,0.576380773264821,-1,1,0,1,28.6307577302741,TRUE,NA,"Pelagic","ALL_FLEET"
"Pelagic",1991,2024,34,32,32,32,32,1,32,32,32,0,0,1,0.581027595543779,13.4071169425991,0.529079781614219,0.929361967242133,-6.41479431982061e-06,1.09203288426852e-09,0.715508891135057,0.757143476242315,2.5433005214864,0.757143476242315,1,1,0.281158357771261,0.640579178885631,0.0625,0.6875,0.999999994539836,86.5486611225969,59.5022045217853,0.09375,0.0625,0.365234375,0.581027595543779,0.0316206740937016,1.3044060917052,0.478237563317919,-1,1,0,1,20.1971270583537,TRUE,NA,"Pelagic","ALL_FLEET"
"Pelagic",1992,2024,33,31,31,31,31,1,31,31,31,0,0,1,0.5747162624229,13.1837958648901,0.513128276063579,0.926969241409537,-6.40772647349752e-06,2.40116621090167e-09,0.712722649995991,0.754181728199669,2.5433005214864,0.754181728199669,1,1,0.295564516129032,0.647782258064516,0.0645161290322581,0.67741935483871,0.999999987994169,86.5614567244344,58.6384061681653,0.0967741935483871,0.0645161290322581,0.349635796045786,0.5747162624229,0.0421395626285006,1.42651250428246,0.429394998287015,-1,1,0,1,19.0048029393804,TRUE,NA,"Pelagic","ALL_FLEET"
"Pelagic",1993,2024,32,30,30,30,30,1,30,30,30,0,0,1,0.634683971793172,10.9594808462048,0.354248631871775,0.903137294780766,-6.64361116490235e-06,3.91390717274819e-10,0.758430603725155,0.758144505540006,2.5433005214864,0.758144505540006,1,1,0.245383759733037,0.622691879866518,0.0666666666666667,0.666666666666667,0.999999998043046,86.3898088409719,57.5932058939813,0.0666666666666667,0.0666666666666667,0.444444444444445,0.634683971793172,0,1.64372032724542,0.342511869101834,-1,1,0,1,23.1175876305964,TRUE,NA,"Pelagic","ALL_FLEET"
"Pelagic",1996,2024,29,29,29,29,29,1,29,29,29,0,0,1,0.580456831805532,12.1667518776396,0.440482276974254,0.916072341546138,-6.70343819600583e-06,6.56232219900587e-10,0.762137558296714,0.761682840496042,2.5433005214864,0.761682840496042,1,1,0.219211822660098,0.609605911330049,0.0689655172413793,0.655172413793103,0.999999996718839,86.3297158083807,56.5608482882494,0.0689655172413793,0.0689655172413793,0.429250891795482,0.580456831805532,0.0325719469907793,1.83222560502339,0.267109757990646,-1,1,0,1,22.2411321902285,TRUE,NA,"Pelagic","ALL_FLEET"
"Pelagic",1997,2024,28,28,28,28,28,1,28,28,28,0,0,1,0.492478916751126,14.2105903309685,0.586470737926319,0.937970610688948,-6.14876933374718e-06,7.71168300577554e-10,0.772319509902306,0.753454548551808,2.29002402836053,0.753454548551808,1,1,0.339354132457581,0.66967706622879,0.0357142857142857,0.821428571428571,0.999999996144158,86.7658614983696,71.271957659375,0.0357142857142857,0.0714285714285714,0.528061224489796,0.492478916751126,0.179201805414789,1.29015112236366,0.483939551054537,-1,1,0,1,35.3014217900701,TRUE,NA,"Pelagic","ALL_FLEET"
"Pelagic",1998,2024,27,27,27,27,27,1,27,27,27,0,0,1,0.526951488136018,12.7723098203275,0.483736415737679,0.922560462360652,-5.67354639916447e-06,6.60847110475337e-10,0.788202162256991,0.745863358266165,1.87744682962948,0.745863358266165,0.908772050367466,1,0.477411477411477,0.738705738705739,0.037037037037037,0.814814814814815,0.999999996695764,85.4797654440817,69.6501792507333,0,0.111111111111111,0.444444444444445,0.526951488136018,0.121747519773303,1.46687079588992,0.413251681644031,-1,1,0,1,28.5584451435817,TRUE,NA,"Pelagic","ALL_FLEET"
"Pelagic",1999,2024,26,26,26,26,26,1,26,26,26,0,0,1,0.486825450355683,13.3425382907522,0.524467020768017,0.928670053115203,-5.65883084637825e-06,8.38615700527111e-10,0.797724387291094,0.745282912752978,1.87744682962948,0.745282912752978,0.908772050367466,1,0.514529914529914,0.757264957264957,0.0384615384615385,0.807692307692308,0.999999995806921,85.6537486883007,69.1818739405506,0.0384615384615385,0.115384615384615,0.341715976331361,0.486825450355683,0.188624249407195,1.50532515477079,0.397869938091682,-1,1,0,1,21.9542723082137,TRUE,NA,"Pelagic","ALL_FLEET"
"Pelagic",2000,2024,25,25,25,25,25,1,25,25,25,0,0,1,0.408324304516384,14.7918923870904,0.6279923133636,0.94419884700454,-5.75684285167956e-06,6.75080300233207e-10,0.815001211249482,0.748781303194132,1.87744682962948,0.748781303194132,0.908772050367466,1,0.487692307692308,0.743846153846154,0.04,0.8,0.999999996624598,85.5895284915544,68.4716227932436,0.04,0.08,0.48,0.408324304516384,0.319459492472693,1.50474579594558,0.398101681621767,-1,1,0,1,31.032397101077,TRUE,NA,"Pelagic","ALL_FLEET"
"Pelagic",2001,2024,24,24,24,24,24,1,24,24,24,0,0,1,0.408908138048028,14.1862046868473,0.58472890620338,0.937709335930507,-5.52948944525572e-06,1.00729315234388e-09,0.822589291144811,0.742494872060093,1.73955459386065,0.742494872060093,0.798717956943478,1,0.567826086956522,0.783913043478261,0.0416666666666667,0.791666666666667,0.999999994963534,83.6633868385777,66.2335145805407,0.0416666666666667,0.0833333333333333,0.461805555555556,0.408908138048028,0.318486436586619,1.70772293968246,0.316910824127015,-1,1,0,1,28.6817201440871,TRUE,NA,"Pelagic","ALL_FLEET"
"Pelagic",2002,2024,23,23,23,23,23,1,23,23,23,0,0,1,0.43607321839636,12.9703159768837,0.497879712634551,0.924681956895183,-5.42372842130228e-06,3.55091749740538e-09,0.816235507041183,0.736098598832728,1.73955459386065,0.736098598832728,0.798717956943478,1,0.58300395256917,0.791501976284585,0.0434782608695652,0.782608695652174,0.999999982245413,83.6113502569594,65.4349697663161,0.0434782608695652,0.0869565217391304,0.44234404536862,0.43607321839636,0.273211302672733,1.85682069955714,0.257271720177145,-1,1,0,1,26.7647058581044,TRUE,NA,"Pelagic","ALL_FLEET"
"Pelagic",2003,2024,22,22,22,22,22,1,22,22,22,0,0,1,0.438190287337108,12.3598136785836,0.454272405613116,0.918140860841967,-5.42795024824502e-06,8.35391730627336e-09,0.816506378390113,0.734874354027056,1.73955459386065,0.734874354027056,0.798717956943478,1,0.608130999435347,0.804065499717674,0.0454545454545455,0.772727272727273,0.999999958230413,83.7124997546519,64.6869316285946,0.0454545454545455,0.0909090909090909,0.421487603305785,0.438190287337108,0.269682854438153,1.86498075620912,0.254007697516351,-1,1,0,1,25.0328716498006,TRUE,NA,"Pelagic","ALL_FLEET"
"Pelagic",2004,2024,21,21,21,21,21,1,21,21,21,0,0,1,0.435257189999617,11.859599010008,0.418542786429146,0.912781417964372,-5.43465511705334e-06,2.05690557758593e-08,0.815956108878952,0.737641625343874,1.73955459386065,0.737641625343874,0.798717956943478,1,0.579220779220779,0.78961038961039,0.0476190476190476,0.761904761904762,0.999999897154721,83.6232919422662,63.7129843369647,0.0476190476190476,0.0476190476190476,0.580498866213152,0.435257189999617,0.274571350000638,1.85350127587868,0.258599489648527,-1,1,0,1,33.7595084253382,TRUE,NA,"Pelagic","ALL_FLEET"
"Pelagic",2005,2024,20,20,20,20,20,1,20,20,20,0,0,1,0.437762914137,11.24474171726,0.374624408375714,0.906193661256357,-5.46930588864799e-06,4.85002580664069e-08,0.816245095259775,0.742512015477874,1.73955459386065,0.742512015477874,0.798717956943478,1,0.547368421052632,0.773684210526316,0,1,0.99999975749871,83.561433066145,83.561433066145,0.05,0.05,0.5625,0.437762914137,0.270395143105,1.84020074964741,0.263919700141035,-1,1,0,1,42.5940980456464,TRUE,NA,"Pelagic","ALL_FLEET"
"Pelagic",2006,2024,19,19,19,19,19,1,19,19,19,0,0,1,0.436159255519335,10.7129741451326,0.336641010366617,0.900496151554993,-5.46925765865512e-06,1.16262395513195e-07,0.816244960550267,0.742638280923281,1.73955459386065,0.742638280923281,0.798717956943478,0.916666666666667,0.580701754385965,0.790350877192982,0,1,0.999999418688022,82.8972798500124,82.8972798500124,0.0526315789473684,0.0526315789473684,0.542936288088643,0.436159255519335,0.273067907467775,1.85423755597757,0.25830497760897,-1,1,0,1,40.5294780330898,TRUE,NA,"Pelagic","ALL_FLEET"
"Pelagic",2007,2024,18,18,18,18,18,1,18,18,18,0,0,1,0.320999389906669,12.22201098168,0.444429355834283,0.916664403375142,-5.44856379806672e-06,1.51342577062674e-07,0.829630222867258,0.743631393799897,1.73955459386065,0.743631393799897,0.798717956943478,0.833333333333333,0.603715170278638,0.801857585139319,0.0555555555555556,0.722222222222222,0.999999243287115,82.198869714643,59.3658503494644,0,0.0555555555555556,0.722222222222222,0.320999389906669,0.465001016822219,1.83780649945196,0.264877400219215,-1,1,0,1,39.3022946271582,TRUE,NA,"Pelagic","ALL_FLEET"
"Pelagic",2008,2024,17,17,17,17,17,1,17,17,17,0,0,1,0.224577093470508,13.1821894110014,0.51301352935724,0.926952029403586,-5.35174116577752e-06,7.2561601334204e-08,0.862974068452381,0.746774568465121,1.73955459386065,0.746774568465121,0.798717956943478,0.75,0.676470588235294,0.838235294117647,0,1,0.999999637191993,81.7921907510682,81.7921907510682,0,0,1,0.224577093470508,0.62570484421582,1.82288454284412,0.270846182862352,-1,1,0,1,75.8174372060679,TRUE,NA,"Pelagic","ALL_FLEET"
"Pelagic",2009,2024,16,16,16,16,16,1,16,16,16,0,0,1,0.0722840209005003,14.843455665592,0.631675404685142,0.944751310702771,-5.26950189422745e-06,1.04845035774497e-07,0.875168647560337,0.751277552432609,1.73955459386065,0.751277552432609,0.798717956943478,0.666666666666667,0.726470588235294,0.863235294117647,0,1,0.999999475774821,81.2989114474836,81.2989114474836,0,0,1,0.0722840209005003,0.879526631832499,1.80919519736273,0.276321921054906,-1,1,0,1,76.8072531487187,TRUE,NA,"Pelagic","ALL_FLEET"
"Pelagic",2010,2024,15,15,15,15,15,1,15,15,15,0,0,1,0.0318075026300577,14.5228874605491,0.60877767575351,0.941316651363026,-5.18516581908992e-06,7.87313952408685e-08,0.898590176620951,0.755310876381927,1.73955459386065,0.755310876381927,0.798717956943478,0.583333333333333,0.785714285714286,0.892857142857143,0,1,0.999999606343024,80.8424676504187,80.8424676504187,0,0,1,0.0318075026300577,0.946987495616571,1.80032672798975,0.2798693088041,-1,1,0,1,76.0983609366159,TRUE,NA,"Pelagic","ALL_FLEET"
"Pelagic",2011,2024,14,14,14,14,14,1,14,14,14,0,0,1,0.017008669113409,13.7618786324123,0.554419902315162,0.933162985347274,-5.1657077589753e-06,2.53464385846159e-07,0.898808160246356,0.759602633392532,1.73955459386065,0.759602633392532,0.798717956943478,0.5,0.802197802197802,0.901098901098901,0,1,0.999998732678071,80.1773564614417,80.1773564614417,0,0,1,0.017008669113409,0.971652218144318,1.83182316822481,0.267270732710076,-1,1,0,1,74.8185413128115,TRUE,NA,"Pelagic","ALL_FLEET"
"Pelagic",2012,2024,13,13,13,13,13,1,13,13,13,0,0,1,0.0120930420912531,12.8427904528137,0.488770746629551,0.923315611994433,-5.03536906320986e-06,2.97604705100468e-06,0.872652974429893,0.739097784009383,1.63142063418139,0.739097784009383,0.706128804495044,0.416666666666667,0.824175824175824,0.912087912087912,0.0769230769230769,0.615384615384615,0.999985119764745,77.1915567494004,47.5024964611695,0.0769230769230769,0,0.615384615384615,0.0120930420912531,0.979844929847912,1.86701914346791,0.253192342612834,-1,1,0,1,26.9906440561896,TRUE,NA,"Pelagic","ALL_FLEET"
"Pelagic",2013,2024,12,12,12,12,12,1,12,12,12,0,0,1,0.0384439222644653,11.5386729328264,0.395619495201887,0.909342924280283,-4.94832319846717e-06,2.30731403732331e-05,0.845686665854893,0.762023300921913,1.63142063418139,0.762023300921913,0.706128804495044,0.333333333333333,0.79020979020979,0.895104895104895,0.0833333333333333,0.583333333333333,0.999884634298134,76.6433865931561,44.7086421793411,0.0833333333333333,0.0833333333333333,0.340277777777778,0.0384439222644653,0.935926796225891,1.90477628378504,0.238089486485986,-1,1,0,1,13.8341589137373,TRUE,NA,"Pelagic","ALL_FLEET"
"Pelagic",2014,2024,11,11,11,11,11,1,11,11,11,0,0,1,-0.12614574508958,9.61239680401462,0.258028343143901,0.888704251471585,-5.31404022098771e-06,0.000144807646736337,0.814076415732493,0.619956646104704,1.63142063418139,0.619956646104704,0.706128804495044,0.25,0.736363636363636,0.868181818181818,0,1,0.999275961766318,72.6781858556343,72.6781858556343,0.181818181818182,0,0.0909090909090909,-0.12614574508958,0.789757091517366,1.9772204403415,0.2091118238634,-1,1,0,1,5.87176479628584,TRUE,NA,"Pelagic","ALL_FLEET"
"Pelagic",2015,2024,10,10,10,10,10,1,10,10,10,0,0,1,-0.41122111825779,5.88778881742209,0,0.85,-6.26130460154179e-06,8.29265417178902e-05,0.86984307139774,0.625363746507562,1.63142063418139,0.625363746507562,0.706128804495044,0.166666666666667,0.648484848484848,0.824242424242424,0,1,0.999585367291411,71.5244297843424,71.5244297843424,0.1,0.2,0,-0.41122111825779,0.314631469570349,1.75177765614381,0.299288937542475,-1,1,0,1,0,TRUE,NA,"Pelagic","ALL_FLEET"
"Pelagic",2016,2024,9,9,9,9,9,1,9,9,9,0,0,1,-0.419686535992478,5.2228211760677,0,0.85,-6.40274337527904e-06,0.000732993103573144,0.82289878576412,0.64983038564439,1.63142063418139,0.64983038564439,0.706128804495044,0.0833333333333333,0.683333333333333,0.841666666666667,0,1,0.996335034482134,71.2409100096634,71.2409100096634,0.111111111111111,0.111111111111111,0.197530864197531,-0.419686535992478,0.300522440012536,1.09280626844518,0.562877492621926,-1,1,0,1,11.9614367423632,TRUE,NA,"Pelagic","ALL_FLEET"
"Pelagic",2017,2024,8,8,8,8,8,1,8,8,8,0,0,1,-0.455847189478039,4.35322248417569,0,0.85,-1.75771381781662e-06,0.407237572890649,0.116851760876847,0.27241099024959,1.14951733259113,0.27241099024959,0.201028219387757,0,0.80952380952381,0.904761904761905,0,1,0,18.516403240366,18.516403240366,0,0.125,0.375,-0.455847189478039,0.240254684203268,0.737249676099028,0.705100129560389,-1,1,0,1,5.90210353286666,TRUE,NA,"Pelagic","ALL_FLEET"
