"year","fleet","group","yield","effort","cpue","species","catch","effort_raw","effort_fleet_year","effort_n_non_na","effort_n_unique","group_key","usable"
2009,"Pelagic","Pelagic",215286,155277.437019328,1386.4602876798,"Pelagic",215286,155277.437019328,155277.437019328,1,1,"Pelagic",TRUE
2010,"Pelagic","Pelagic",239824,154305.376649343,1554.21674349687,"Pelagic",239824,154305.376649343,154305.376649343,1,1,"Pelagic",TRUE
2011,"Pelagic","Pelagic",245974,202019.67472975,1217.57447797621,"Pelagic",245974,202019.67472975,202019.67472975,1,1,"Pelagic",TRUE
2012,"Pelagic","Pelagic",250822,187254.730953752,1339.46949549674,"Pelagic",250822,187254.730953752,187254.730953752,1,1,"Pelagic",TRUE
2013,"Pelagic","Pelagic",269377.2,195702.429187222,1376.46324125234,"Pelagic",269377.2,195702.429187222,195702.429187222,1,1,"Pelagic",TRUE
2014,"Pelagic","Pelagic",278657.04,173235.550405705,1608.54420092993,"Pelagic",278657.04,173235.550405705,173235.550405705,1,1,"Pelagic",TRUE
2015,"Pelagic","Pelagic",239373,165000.746542492,1450.73889067741,"Pelagic",239373,165000.746542492,165000.746542492,1,1,"Pelagic",TRUE
2016,"Pelagic","Pelagic",222114.81,171084.186386355,1298.27785192492,"Pelagic",222114.81,171084.186386355,171084.186386355,1,1,"Pelagic",TRUE
2017,"Pelagic","Pelagic",211673.47,114881.03883291,1842.54488077768,"Pelagic",211673.47,114881.03883291,114881.03883291,1,1,"Pelagic",TRUE
2018,"Pelagic","Pelagic",242673,115497.979212978,2101.10169592242,"Pelagic",242673,115497.979212978,115497.979212978,1,1,"Pelagic",TRUE
2019,"Pelagic","Pelagic",210998.17,107740.10415692,1958.39953609742,"Pelagic",210998.17,107740.10415692,107740.10415692,1,1,"Pelagic",TRUE
2020,"Pelagic","Pelagic",219869.26,105683.208627195,2080.45594807406,"Pelagic",219869.26,105683.208627195,105683.208627195,1,1,"Pelagic",TRUE
2021,"Pelagic","Pelagic",236001.36,111424.554522729,2118.037276531,"Pelagic",236001.36,111424.554522729,111424.554522729,1,1,"Pelagic",TRUE
2022,"Pelagic","Pelagic",193486,94014.3693608338,2058.04709764512,"Pelagic",193486,94014.3693608338,94014.3693608338,1,1,"Pelagic",TRUE
2023,"Pelagic","Pelagic",249763.48,122538.512261086,2038.24475580251,"Pelagic",249763.48,122538.512261086,122538.512261086,1,1,"Pelagic",TRUE
2024,"Pelagic","Pelagic",237320.74,124535.122694616,1905.6530789467,"Pelagic",237320.74,124535.122694616,124535.122694616,1,1,"Pelagic",TRUE
